timestamp,src_type,provider_name,event_id,task_info,process_id,thread_id,ppid,pid,targetpid,targettid,message,filepath,cachename,result,vname,sigseq,sigsha,commandline,firstparam,secondparam,stackbase,stacklimit,startaddr,subprocesstag,tebbase,threadid,userstackbase,userstacklimit,win32startaddr,cycletime,defaultbase,imagebase,imagechecksum,imagesize,timedatestamp,task_name,createtime,flags,mandatorylabel,packagefullname,packagerelativeappid,parentprocessid,parentprocesssequencenumber,processsequencenumber,processtokenelevationtype,processtokeniselevated,securitymitigations,sessionid
"2025-09-20 12:59:33.0141074Z","ETW","Microsoft-Windows-Kernel-Process",3,"ThreadStartStart "," 5572 explorer.exe",6116,,," 5572 explorer.exe",,,,,,,,,,,,18446712763357786112,18446712763357761536,140726294125616,0,4210688,5880,95485952,95428608,140726294125616,,,,,,,,,,,,,,,,,,,
"2025-09-20 12:59:33.0708904Z","ETW","Microsoft-Windows-Kernel-Process",3,"ThreadStartStart "," 5572 explorer.exe",8808,,," 5572 explorer.exe",,,,,,,,,,,,18446712763321200640,18446712763321176064,140726305414320,0,4218880,10004,101122048,101064704,140726305414320,,,,,,,,,,,,,,,,,,,
"2025-09-20 12:59:33.0726015Z","ETW","Microsoft-Windows-Kernel-Process",3,"ThreadStartStart "," 5572 explorer.exe",6116,,," 5572 explorer.exe",,,,,,,,,,,,18446712763261464576,18446712763261440000,140726294125616,0,4227072,16812,101646336,101588992,140726294125616,,,,,,,,,,,,,,,,,,,
"2025-09-20 12:59:33.0756559Z","ETW","Microsoft-Windows-Kernel-Process",3,"ThreadStartStart "," 5572 explorer.exe",9836,,," 5572 explorer.exe",,,,,,,,,,,,18446712763261706240,18446712763261681664,140726305414320,0,4235264,13252,102170624,102113280,140726305414320,,,,,,,,,,,,,,,,,,,
"2025-09-20 12:59:33.0928021Z","ETW","Microsoft-Windows-Kernel-Process",3,"ThreadStartStart "," 5572 explorer.exe",6092,,," 5572 explorer.exe",,,,,,,,,,,,18446712763368714240,18446712763368689664,140726294125616,0,4259840,13828,115474432,115417088,140726294125616,,,,,,,,,,,,,,,,,,,
"2025-09-20 12:59:33.1194389Z","ETW","Microsoft-Windows-Kernel-Process",3,"ThreadStartStart "," 5572 explorer.exe",6116,,," 5572 explorer.exe",,,,,,,,,,,,18446712763261878272,18446712763261853696,140726294125616,0,4268032,8760,116523008,116465664,140726294125616,,,,,,,,,,,,,,,,,,,
"2025-09-20 12:59:33.1318216Z","ETW","Microsoft-Windows-Kernel-Process",4,"ThreadStopStop "," 5572 explorer.exe",17224,,," 5572 explorer.exe",,,,,,,,,,,,18446712763349958656,18446712763349934080,140726294125616,0,4202496,17224,94437376,94380032,140726294125616,11824840,,,,,,,,,,,,,,,,,,
"2025-09-20 12:59:33.1322269Z","ETW","Microsoft-Windows-Kernel-Process",4,"ThreadStopStop "," 5572 explorer.exe",5744,,," 5572 explorer.exe",,,,,,,,,,,,18446712763259482112,18446712763259457536,140726294125616,0,6283264,5744,89653248,89595904,140726294125616,12995240,,,,,,,,,,,,,,,,,,
"2025-09-20 12:59:33.2313903Z","ETW","Microsoft-Windows-Kernel-Process",4,"ThreadStopStop "," 5908 svchost.exe",17932,,," 5908 svchost.exe",,,,,,,,,,,,18446712763357843456,18446712763357818880,140726305414320,0,123898568704,17932,123901313024,123901280256,140726305414320,127081120,,,,,,,,,,,,,,,,,,
"2025-09-20 12:59:33.2314269Z","ETW","Microsoft-Windows-Kernel-Process",4,"ThreadStopStop "," 5908 svchost.exe",14480,,," 5908 svchost.exe",,,,,,,,,,,,18446712763363807232,18446712763363782656,140726305414320,0,123898560512,14480,123900788736,123900755968,140726305414320,32948280,,,,,,,,,,,,,,,,,,
"2025-09-20 12:59:33.3102113Z","ETW","Microsoft-Windows-Kernel-Process",4,"ThreadStopStop "," 6036 svchost.exe",1792,,," 6036 svchost.exe",,,,,,,,,,,,18446712763327836160,18446712763327811584,140726305414320,0,789636190208,1792,789637496832,789637464064,140726305414320,1429560,,,,,,,,,,,,,,,,,,
"2025-09-20 12:59:33.3102934Z","ETW","Microsoft-Windows-Kernel-Process",4,"ThreadStopStop "," 6036 svchost.exe",10548,,," 6036 svchost.exe",,,,,,,,,,,,18446712763327664128,18446712763327639552,140726305414320,0,789636198400,10548,789638021120,789637988352,140726305414320,4391280,,,,,,,,,,,,,,,,,,
"2025-09-20 12:59:33.3103811Z","ETW","Microsoft-Windows-Kernel-Process",4,"ThreadStopStop "," 5996 CrossDeviceResume.exe",7616,,," 5996 CrossDeviceResume.exe",,,,,,,,,,,,18446712763362086912,18446712763362062336,140726305414320,0,916177903616,7616,916181745664,916181737472,140726305414320,1781440,,,,,,,,,,,,,,,,,,
"2025-09-20 12:59:33.6756048Z","ETW","Microsoft-Windows-Kernel-Process",4,"ThreadStopStop "," 6336 SearchHost.exe",15056,,," 6336 SearchHost.exe",,,,,,,,,,,,18446712763354603520,18446712763354578944,140726305414320,0,321031159808,15056,321049853952,321049833472,140726305414320,40047440,,,,,,,,,,,,,,,,,,
"2025-09-20 12:59:33.6758899Z","ETW","Microsoft-Windows-Kernel-Process",4,"ThreadStopStop "," 6336 SearchHost.exe",2844,,," 6336 SearchHost.exe",,,,,,,,,,,,18446712763356774400,18446712763356749824,140726305414320,0,321031192576,2844,321055096832,321055064064,140726305414320,29257720,,,,,,,,,,,,,,,,,,
"2025-09-20 12:59:33.6760992Z","ETW","Microsoft-Windows-Kernel-Process",4,"ThreadStopStop "," 6336 SearchHost.exe",15840,,," 6336 SearchHost.exe",,,,,,,,,,,,18446712763354689536,18446712763354664960,140726305414320,0,321031127040,15840,321042513920,321042481152,140726305414320,36835300,,,,,,,,,,,,,,,,,,
"2025-09-20 12:59:33.6763192Z","ETW","Microsoft-Windows-Kernel-Process",4,"ThreadStopStop "," 6336 SearchHost.exe",16708,,," 6336 SearchHost.exe",,,,,,,,,,,,18446712763355521024,18446712763355496448,140726305414320,0,321031135232,16708,321045659648,321045643264,140726305414320,36384620,,,,,,,,,,,,,,,,,,
"2025-09-20 12:59:33.6764819Z","ETW","Microsoft-Windows-Kernel-Process",4,"ThreadStopStop "," 6336 SearchHost.exe",9820,,," 6336 SearchHost.exe",,,,,,,,,,,,18446712763355664384,18446712763355639808,140726305414320,0,321031168000,9820,321050902528,321050869760,140726305414320,30795960,,,,,,,,,,,,,,,,,,
"2025-09-20 12:59:33.6766783Z","ETW","Microsoft-Windows-Kernel-Process",4,"ThreadStopStop "," 6336 SearchHost.exe",11048,,," 6336 SearchHost.exe",,,,,,,,,,,,18446712763357298688,18446712763357274112,140726305414320,0,321031200768,11048,321056145408,321056124928,140726305414320,13144200,,,,,,,,,,,,,,,,,,
"2025-09-20 12:59:33.6768394Z","ETW","Microsoft-Windows-Kernel-Process",4,"ThreadStopStop "," 6336 SearchHost.exe",964,,," 6336 SearchHost.exe",,,,,,,,,,,,18446712763355979776,18446712763355955200,140726305414320,0,321031143424,964,321046708224,321046691840,140726305414320,24736100,,,,,,,,,,,,,,,,,,
"2025-09-20 12:59:33.7227625Z","ETW","Microsoft-Windows-Kernel-Process",4,"ThreadStopStop "," 6328 StartMenuExperienceHost.exe",5972,,," 6328 StartMenuExperienceHost.exe",,,,,,,,,,,,18446712763342561280,18446712763342536704,140726305414320,0,689038229504,5972,689042358272,689042333696,140726305414320,108919400,,,,,,,,,,,,,,,,,,
"2025-09-20 12:59:33.7230007Z","ETW","Microsoft-Windows-Kernel-Process",4,"ThreadStopStop "," 6328 StartMenuExperienceHost.exe",17936,,," 6328 StartMenuExperienceHost.exe",,,,,,,,,,,,18446712763353542656,18446712763353518080,140726305414320,0,689038270464,17936,689046552576,689046536192,140726305414320,3831540,,,,,,,,,,,,,,,,,,
"2025-09-20 12:59:33.7230704Z","ETW","Microsoft-Windows-Kernel-Process",4,"ThreadStopStop "," 6328 StartMenuExperienceHost.exe",16636,,," 6328 StartMenuExperienceHost.exe",,,,,,,,,,,,18446712763357384704,18446712763357360128,140726305414320,0,689038368768,16636,689064378368,689064361984,140726305414320,4515920,,,,,,,,,,,,,,,,,,
"2025-09-20 12:59:33.7231959Z","ETW","Microsoft-Windows-Kernel-Process",4,"ThreadStopStop "," 6328 StartMenuExperienceHost.exe",4364,,," 6328 StartMenuExperienceHost.exe",,,,,,,,,,,,18446712763354374144,18446712763354349568,140726305414320,0,689038295040,4364,689052844032,689052831744,140726305414320,2137500,,,,,,,,,,,,,,,,,,
"2025-09-20 12:59:33.7232454Z","ETW","Microsoft-Windows-Kernel-Process",4,"ThreadStopStop "," 6328 StartMenuExperienceHost.exe",2484,,," 6328 StartMenuExperienceHost.exe",,,,,,,,,,,,18446712763354259456,18446712763354234880,140726305414320,0,689038286848,2484,689051795456,689051779072,140726305414320,8259680,,,,,,,,,,,,,,,,,,
"2025-09-20 12:59:33.7234438Z","ETW","Microsoft-Windows-Kernel-Process",4,"ThreadStopStop "," 6328 StartMenuExperienceHost.exe",2296,,," 6328 StartMenuExperienceHost.exe",,,,,,,,,,,,18446712763354402816,18446712763354378240,140726305414320,0,689038303232,2296,689053892608,689053884416,140726305414320,1242600,,,,,,,,,,,,,,,,,,
"2025-09-20 12:59:33.7236508Z","ETW","Microsoft-Windows-Kernel-Process",4,"ThreadStopStop "," 6328 StartMenuExperienceHost.exe",6488,,," 6328 StartMenuExperienceHost.exe",,,,,,,,,,,,18446712763356495872,18446712763356471296,140726305414320,0,689038327808,6488,689057038336,689057030144,140726305414320,1823240,,,,,,,,,,,,,,,,,,
"2025-09-20 12:59:33.7238335Z","ETW","Microsoft-Windows-Kernel-Process",4,"ThreadStopStop "," 6328 StartMenuExperienceHost.exe",5476,,," 6328 StartMenuExperienceHost.exe",,,,,,,,,,,,18446712763356524544,18446712763356499968,140726305414320,0,689038336000,5476,689058086912,689058078720,140726305414320,1296940,,,,,,,,,,,,,,,,,,
"2025-09-20 12:59:33.7239907Z","ETW","Microsoft-Windows-Kernel-Process",4,"ThreadStopStop "," 6328 StartMenuExperienceHost.exe",8596,,," 6328 StartMenuExperienceHost.exe",,,,,,,,,,,,18446712763356553216,18446712763356528640,140726305414320,0,689038344192,8596,689060184064,689060175872,140726305414320,1276800,,,,,,,,,,,,,,,,,,
"2025-09-20 12:59:33.7240642Z","ETW","Microsoft-Windows-Kernel-Process",4,"ThreadStopStop "," 6328 StartMenuExperienceHost.exe",11580,,," 6328 StartMenuExperienceHost.exe",,,,,,,,,,,,18446712763356581888,18446712763356557312,140726305414320,0,689038352384,11580,689061232640,689061208064,140726305414320,21685460,,,,,,,,,,,,,,,,,,
"2025-09-20 12:59:33.7241545Z","ETW","Microsoft-Windows-Kernel-Process",4,"ThreadStopStop "," 6328 StartMenuExperienceHost.exe",15676,,," 6328 StartMenuExperienceHost.exe",,,,,,,,,,,,18446712763356610560,18446712763356585984,140726305414320,0,689038360576,15676,689063329792,689063305216,140726305414320,17345860,,,,,,,,,,,,,,,,,,
"2025-09-20 12:59:33.9766526Z","ETW","Microsoft-Windows-Kernel-Process",4,"ThreadStopStop "," 6544 svchost.exe",5092,,," 6544 svchost.exe",,,,,,,,,,,,18446712763354173440,18446712763354148864,140726305414320,0,159326523392,5092,159328501760,159328468992,140726305414320,11359720,,,,,,,,,,,,,,,,,,
"2025-09-20 12:59:33.9766788Z","ETW","Microsoft-Windows-Kernel-Process",4,"ThreadStopStop "," 6684 RuntimeBroker.exe",18024,,," 6684 RuntimeBroker.exe",,,,,,,,,,,,18446712763354488832,18446712763354464256,140726305414320,0,1002537295872,18024,1002542989312,1002542940160,140726305414320,5207140,,,,,,,,,,,,,,,,,,
"2025-09-20 12:59:33.9766793Z","ETW","Microsoft-Windows-Kernel-Process",4,"ThreadStopStop "," 6544 svchost.exe",13184,,," 6544 svchost.exe",,,,,,,,,,,,18446712763353141248,18446712763353116672,140726305414320,0,159326490624,13184,159324241920,159324209152,140726305414320,37095980,,,,,,,,,,,,,,,,,,
"2025-09-20 12:59:33.9767254Z","ETW","Microsoft-Windows-Kernel-Process",4,"ThreadStopStop "," 6544 svchost.exe",11876,,," 6544 svchost.exe",,,,,,,,,,,,18446712763353255936,18446712763353231360,140726305414320,0,159326498816,11876,159324766208,159324733440,140726305414320,3273320,,,,,,,,,,,,,,,,,,
"2025-09-20 12:59:33.9767698Z","ETW","Microsoft-Windows-Kernel-Process",4,"ThreadStopStop "," 6544 svchost.exe",4048,,," 6544 svchost.exe",,,,,,,,,,,,18446712763353227264,18446712763353202688,140726305414320,0,159326515200,4048,159327977472,159327944704,140726305414320,3652940,,,,,,,,,,,,,,,,,,
"2025-09-20 12:59:33.9770173Z","ETW","Microsoft-Windows-Kernel-Process",4,"ThreadStopStop "," 6336 SearchHost.exe",10780,,," 6336 SearchHost.exe",,,,,,,,,,,,18446712763358330880,18446712763358306304,140726305414320,0,321031241728,10780,321052999680,321052983296,140726305414320,3013400,,,,,,,,,,,,,,,,,,
"2025-09-20 12:59:33.9770976Z","ETW","Microsoft-Windows-Kernel-Process",4,"ThreadStopStop "," 6492 RuntimeBroker.exe",9832,,," 6492 RuntimeBroker.exe",,,,,,,,,,,,18446712763355119616,18446712763355095040,140726305414320,0,660692852736,9832,660694106112,660694056960,140726305414320,29568940,,,,,,,,,,,,,,,,,,
"2025-09-20 12:59:33.9771108Z","ETW","Microsoft-Windows-Kernel-Process",4,"ThreadStopStop "," 6492 RuntimeBroker.exe",16460,,," 6492 RuntimeBroker.exe",,,,,,,,,,,,18446712763356745728,18446712763356721152,140726305414320,0,660692885504,16460,660696203264,660696154112,140726305414320,512240,,,,,,,,,,,,,,,,,,
"2025-09-20 12:59:33.9771173Z","ETW","Microsoft-Windows-Kernel-Process",4,"ThreadStopStop "," 6336 SearchHost.exe",2940,,," 6336 SearchHost.exe",,,,,,,,,,,,18446712763358359552,18446712763358334976,140726305414320,0,321031233536,2940,321036222464,321036206080,140726305414320,2863680,,,,,,,,,,,,,,,,,,
"2025-09-20 12:59:33.9772054Z","ETW","Microsoft-Windows-Kernel-Process",4,"ThreadStopStop "," 6684 RuntimeBroker.exe",16048,,," 6684 RuntimeBroker.exe",,,,,,,,,,,,18446712763354918912,18446712763354894336,140726305414320,0,1002537304064,16048,1002543513600,1002543464448,140726305414320,11723380,,,,,,,,,,,,,,,,,,
"2025-09-20 12:59:33.9773383Z","ETW","Microsoft-Windows-Kernel-Process",4,"ThreadStopStop "," 6684 RuntimeBroker.exe",16696,,," 6684 RuntimeBroker.exe",,,,,,,,,,,,18446712763354460160,18446712763354435584,140726305414320,0,1002537287680,16696,1002542465024,1002542415872,140726305414320,18395800,,,,,,,,,,,,,,,,,,
"2025-09-20 12:59:33.9774335Z","ETW","Microsoft-Windows-Kernel-Process",4,"ThreadStopStop "," 6684 RuntimeBroker.exe",3088,,," 6684 RuntimeBroker.exe",,,,,,,,,,,,18446712763353628672,18446712763353604096,140726305414320,0,1002537254912,3088,1002539843584,1002539794432,140726305414320,79383900,,,,,,,,,,,,,,,,,,
"2025-09-20 12:59:34.2243342Z","ETW","Microsoft-Windows-Kernel-Process",3,"ThreadStartStart "," 5572 explorer.exe",8808,,," 5572 explorer.exe",,,,,,,,,,,,18446712763363807232,18446712763363782656,140726305414320,0,4276224,7076,89653248,89595904,140726305414320,,,,,,,,,,,,,,,,,,,
"2025-09-20 12:59:34.2256901Z","ETW","Microsoft-Windows-Kernel-Process",3,"ThreadStartStart "," 5572 explorer.exe",6116,,," 5572 explorer.exe",,,,,,,,,,,,18446712763261734912,18446712763261710336,140726294125616,0,4284416,11496,94437376,94380032,140726294125616,,,,,,,,,,,,,,,,,,,
"2025-09-20 12:59:34.2775437Z","ETW","Microsoft-Windows-Kernel-Process",3,"ThreadStartStart "," 5572 explorer.exe",6116,,," 5572 explorer.exe",,,,,,,,,,,,18446712763357843456,18446712763357818880,140726294125616,0,4292608,16068,118095872,118038528,140726294125616,,,,,,,,,,,,,,,,,,,
"2025-09-20 12:59:34.2781975Z","ETW","Microsoft-Windows-Kernel-Process",3,"ThreadStartStart "," 5572 explorer.exe",6092,,," 5572 explorer.exe",,,,,,,,,,,,18446712763354288128,18446712763354263552,140726294125616,0,4300800,9656,119668736,119611392,140726294125616,,,,,,,,,,,,,,,,,,,
"2025-09-20 12:59:34.2836278Z","ETW","Microsoft-Windows-Kernel-Process",4,"ThreadStopStop "," 5572 explorer.exe",8760,,," 5572 explorer.exe",,,,,,,,,,,,18446712763261878272,18446712763261853696,140726294125616,0,4268032,8760,116523008,116465664,140726294125616,7838260,,,,,,,,,,,,,,,,,,
"2025-09-20 12:59:34.2838985Z","ETW","Microsoft-Windows-Kernel-Process",4,"ThreadStopStop "," 5572 explorer.exe",9656,,," 5572 explorer.exe",,,,,,,,,,,,18446712763354288128,18446712763354263552,140726294125616,0,4300800,9656,119668736,119611392,140726294125616,3699680,,,,,,,,,,,,,,,,,,
"2025-09-20 12:59:34.6883680Z","ETW","Microsoft-Windows-Kernel-Process",4,"ThreadStopStop "," 9412 dllhost.exe",11008,,," 9412 dllhost.exe",,,,,,,,,,,,18446712763301203968,18446712763301179392,140726305414320,0,318532067328,11008,318534320128,318534287360,140726305414320,251560,,,,,,,,,,,,,,,,,,
"2025-09-20 12:59:34.7051834Z","ETW","Microsoft-Windows-Kernel-Process",4,"ThreadStopStop "," 7064 msedgewebview2.exe",18092,,," 7064 msedgewebview2.exe",,,,,,,,,,,,18446712763320107008,18446712763320082432,140726305414320,0,164518371328,18092,164553031680,164553015296,140726305414320,3480420,,,,,,,,,,,,,,,,,,
"2025-09-20 12:59:34.7052278Z","ETW","Microsoft-Windows-Kernel-Process",4,"ThreadStopStop "," 7064 msedgewebview2.exe",3424,,," 7064 msedgewebview2.exe",,,,,,,,,,,,18446712763348238336,18446712763348213760,140726305414320,0,164518395904,3424,164544643072,164544626688,140726305414320,1875300,,,,,,,,,,,,,,,,,,
"2025-09-20 12:59:34.7463137Z","ETW","Microsoft-Windows-Kernel-Process",3,"ThreadStartStart "," 5572 explorer.exe",8808,,," 5572 explorer.exe",,,,,,,,,,,,18446712763354288128,18446712763354263552,140726305414320,0,4317184,14892,116523008,116465664,140726305414320,,,,,,,,,,,,,,,,,,,
"2025-09-20 12:59:34.7519503Z","ETW","Microsoft-Windows-Kernel-Process",3,"ThreadStartStart "," 5024 svchost.exe",6800,,," 5024 svchost.exe",,,,,,,,,,,,18446712763262251008,18446712763262226432,140726305414320,198,459629993984,4128,459631755264,459631722496,140726305414320,,,,,,,,,,,,,,,,,,,
"2025-09-20 12:59:34.7676436Z","ETW","Microsoft-Windows-Kernel-Process",4,"ThreadStopStop "," 5024 svchost.exe",14032,,," 5024 svchost.exe",,,,,,,,,,,,18446712763374379008,18446712763374354432,140726294125616,198,459629985792,14032,459633852416,459633819648,140726294125616,8966860,,,,,,,,,,,,,,,,,,
"2025-09-20 12:59:34.7676558Z","ETW","Microsoft-Windows-Kernel-Process",4,"ThreadStopStop "," 3280 svchost.exe",4548,,," 3280 svchost.exe",,,,,,,,,,,,18446712763363291136,18446712763363266560,140726294125616,51,976916877312,4548,976919986176,976919953408,140726294125616,6396920,,,,,,,,,,,,,,,,,,
"2025-09-20 12:59:35.0840539Z","ETW","Microsoft-Windows-Kernel-Process",4,"ThreadStopStop ","  524 svchost.exe",14296,,,"  524 svchost.exe",,,,,,,,,,,,18446712763343134720,18446712763343110144,140726305414320,0,411563589632,14296,411566080000,411566047232,140726305414320,11957080,,,,,,,,,,,,,,,,,,
"2025-09-20 12:59:35.4741304Z","ETW","Microsoft-Windows-Kernel-Process",3,"ThreadStartStart "," 5572 explorer.exe",6116,,," 5572 explorer.exe",,,,,,,,,,,,18446712763261878272,18446712763261853696,140726294125616,0,4325376,3596,119668736,119611392,140726294125616,,,,,,,,,,,,,,,,,,,
"2025-09-20 12:59:35.4782760Z","ETW","Microsoft-Windows-Kernel-Process",4,"ThreadStopStop "," 5572 explorer.exe",11496,,," 5572 explorer.exe",,,,,,,,,,,,18446712763261734912,18446712763261710336,140726294125616,0,4284416,11496,94437376,94380032,140726294125616,7305500,,,,,,,,,,,,,,,,,,
"2025-09-20 12:59:35.7025884Z","ETW","Microsoft-Windows-Kernel-Process",3,"ThreadStartStart ","    4 System",72,,," 9412 dllhost.exe",,,,,,,,,,,,18446712763301203968,18446712763301179392,140726305414320,0,318532075520,10056,318534320128,318534287360,140726305414320,,,,,,,,,,,,,,,,,,,
"2025-09-20 12:59:35.7659736Z","ETW","Microsoft-Windows-Kernel-Process",3,"ThreadStartStart ","    4 System",72,,," 3592 svchost.exe",,,,,,,,,,,,18446712763262050304,18446712763262025728,140726305414320,0,572717436928,16700,572719104000,572719071232,140726305414320,,,,,,,,,,,,,,,,,,,
"2025-09-20 12:59:35.8455850Z","ETW","Microsoft-Windows-Kernel-Process",4,"ThreadStopStop "," 7216 msedgewebview2.exe",6540,,," 7216 msedgewebview2.exe",,,,,,,,,,,,18446712763355779072,18446712763355754496,140726305414320,0,750519336960,6540,750696529920,750696513536,140726305414320,4731760,,,,,,,,,,,,,,,,,,
"2025-09-20 12:59:35.8456726Z","ETW","Microsoft-Windows-Kernel-Process",4,"ThreadStopStop "," 7216 msedgewebview2.exe",11204,,," 7216 msedgewebview2.exe",,,,,,,,,,,,18446712763355377664,18446712763355353088,140726305414320,0,750519328768,11204,750688141312,750688124928,140726305414320,7092700,,,,,,,,,,,,,,,,,,
"2025-09-20 12:59:35.9887144Z","ETW","Microsoft-Windows-Kernel-Process",4,"ThreadStopStop "," 7780 ctfmon.exe",17992,,," 7780 ctfmon.exe",,,,,,,,,,,,18446712763358015488,18446712763357990912,140726305414320,0,34777137152,17992,34779693056,34779684864,140726305414320,526680,,,,,,,,,,,,,,,,,,
"2025-09-20 12:59:35.9887489Z","ETW","Microsoft-Windows-Kernel-Process",4,"ThreadStopStop "," 7780 ctfmon.exe",12808,,," 7780 ctfmon.exe",,,,,,,,,,,,18446712763366047744,18446712763366023168,140726305414320,0,34777128960,12808,34777071616,34777063424,140726305414320,1376360,,,,,,,,,,,,,,,,,,
"2025-09-20 12:59:36.4806443Z","ETW","Microsoft-Windows-Kernel-Process",3,"ThreadStartStart "," 6328 StartMenuExperienceHost.exe",1480,,," 6328 StartMenuExperienceHost.exe",,,,,,,,,,,,18446712763366047744,18446712763366023168,140726305414320,0,689038393344,13980,689041309696,689041305600,140726305414320,,,,,,,,,,,,,,,,,,,
"2025-09-20 12:59:36.4840494Z","ETW","Microsoft-Windows-Kernel-Process",3,"ThreadStartStart ","    4 System",72,,," 5052 sihost.exe",,,,,,,,,,,,18446712763262193664,18446712763262169088,140726305414320,0,330256236544,8892,330258972672,330258964480,140726305414320,,,,,,,,,,,,,,,,,,,
"2025-09-20 12:59:36.4842968Z","ETW","Microsoft-Windows-Kernel-Process",3,"ThreadStartStart "," 5052 sihost.exe",8892,,," 5052 sihost.exe",,,,,,,,,,,,18446712763343020032,18446712763342995456,140726305414320,0,330256244736,17544,330259496960,330259488768,140726305414320,,,,,,,,,,,,,,,,,,,
"2025-09-20 12:59:36.5120110Z","ETW","Microsoft-Windows-Kernel-Process",3,"ThreadStartStart ","    4 System",72,,,"  356 RuntimeBroker.exe",,,,,,,,,,,,18446712763363291136,18446712763363266560,140726305414320,0,990928965632,17248,990930534400,990930485248,140726305414320,,,,,,,,,,,,,,,,,,,
"2025-09-20 12:59:36.8516183Z","ETW","Microsoft-Windows-Kernel-Process",3,"ThreadStartStart "," 5752 VBoxTray.exe",10656,,," 5752 VBoxTray.exe",,,,,,,,,,,,18446712763320107008,18446712763320082432,140696010091656,0,3072000,16804,47972352,47968256,140696010091656,,,,,,,,,,,,,,,,,,,
"2025-09-20 12:59:36.8518551Z","ETW","Microsoft-Windows-Kernel-Process",4,"ThreadStopStop "," 5752 VBoxTray.exe",16804,,," 5752 VBoxTray.exe",,,,,,,,,,,,18446712763320107008,18446712763320082432,140696010091656,0,3072000,16804,47972352,47964160,140696010091656,457520,,,,,,,,,,,,,,,,,,
"2025-09-20 12:59:37.1484970Z","ETW","Microsoft-Windows-Kernel-Process",4,"ThreadStopStop ","12716 svchost.exe",17180,,,"12716 svchost.exe",,,,,,,,,,,,18446712763360481280,18446712763360456704,140726305414320,0,239580164096,17180,239582314496,239582281728,140726305414320,514900,,,,,,,,,,,,,,,,,,
"2025-09-20 12:59:37.1486395Z","ETW","Microsoft-Windows-Kernel-Process",4,"ThreadStopStop ","12716 svchost.exe",3648,,,"12716 svchost.exe",,,,,,,,,,,,18446712763361370112,18446712763361345536,140726305414320,0,239580155904,3648,239581790208,239581757440,140726305414320,1645780,,,,,,,,,,,,,,,,,,
"2025-09-20 12:59:37.3857615Z","ETW","Microsoft-Windows-Kernel-Process",4,"ThreadStopStop "," 1156 SearchIndexer.exe",4008,,," 1156 SearchIndexer.exe",,,,,,,,,,,,18446712763353800704,18446712763353776128,140726305414320,0,138479570944,4008,138482810880,138482778112,140726305414320,9870500,,,,,,,,,,,,,,,,,,
"2025-09-20 12:59:37.3857867Z","ETW","Microsoft-Windows-Kernel-Process",4,"ThreadStopStop "," 1156 SearchIndexer.exe",12136,,," 1156 SearchIndexer.exe",,,,,,,,,,,,18446712763355865088,18446712763355840512,140726305414320,0,138479611904,12136,138485432320,138485399552,140726305414320,2512560,,,,,,,,,,,,,,,,,,
"2025-09-20 12:59:37.3859170Z","ETW","Microsoft-Windows-Kernel-Process",4,"ThreadStopStop "," 1156 SearchIndexer.exe",11348,,," 1156 SearchIndexer.exe",,,,,,,,,,,,18446712763357958144,18446712763357933568,140726305414320,0,138479628288,11348,138489626624,138489593856,140726305414320,1142660,,,,,,,,,,,,,,,,,,
"2025-09-20 12:59:37.3859386Z","ETW","Microsoft-Windows-Kernel-Process",4,"ThreadStopStop "," 1156 SearchIndexer.exe",14564,,," 1156 SearchIndexer.exe",,,,,,,,,,,,18446712763356868608,18446712763356844032,140726305414320,0,138479636480,14564,138490150912,138490118144,140726305414320,318060,,,,,,,,,,,,,,,,,,
"2025-09-20 12:59:37.3860159Z","ETW","Microsoft-Windows-Kernel-Process",4,"ThreadStopStop "," 1156 SearchIndexer.exe",11676,,," 1156 SearchIndexer.exe",,,,,,,,,,,,18446712763357872128,18446712763357847552,140726305414320,0,138479587328,11676,138483859456,138483826688,140726305414320,5241340,,,,,,,,,,,,,,,,,,
"2025-09-20 12:59:37.3861104Z","ETW","Microsoft-Windows-Kernel-Process",4,"ThreadStopStop "," 1156 SearchIndexer.exe",2196,,," 1156 SearchIndexer.exe",,,,,,,,,,,,18446712763355549696,18446712763355525120,140726305414320,0,138479620096,2196,138485956608,138485923840,140726305414320,1973340,,,,,,,,,,,,,,,,,,
"2025-09-20 12:59:37.5597728Z","ETW","Microsoft-Windows-Kernel-Process",3,"ThreadStartStart "," 1844 ServiceHub.IntellicodeModelService.exe",16088,,," 1844 ServiceHub.IntellicodeModelService.exe",,,,,,,,,,,,18446712763353255936,18446712763353231360,140725141630640,0,1024676454400,12492,1024674234368,1024674217984,140725141630640,,,,,,,,,,,,,,,,,,,
"2025-09-20 12:59:39.0690455Z","ETW","Microsoft-Windows-Kernel-Process",4,"ThreadStopStop "," 1844 ServiceHub.IntellicodeModelService.exe",12492,,," 1844 ServiceHub.IntellicodeModelService.exe",,,,,,,,,,,,18446712763353255936,18446712763353231360,140725141630640,0,1024676454400,12492,1024674234368,1024674217984,140725141630640,909340,,,,,,,,,,,,,,,,,,
"2025-09-20 12:59:39.1024506Z","ETW","Microsoft-Windows-Kernel-Process",3,"ThreadStartStart "," 6492 RuntimeBroker.exe",15060,,," 6492 RuntimeBroker.exe",,,,,,,,,,,,18446712763355779072,18446712763355754496,140726305414320,0,660692901888,15264,660693581824,660693532672,140726305414320,,,,,,,,,,,,,,,,,,,
"2025-09-20 12:59:39.7680190Z","ETW","Microsoft-Windows-Kernel-Process",4,"ThreadStopStop ","14596 WindowsPackageManagerServer.exe",3508,,,"14596 WindowsPackageManagerServer.exe",,,,,,,,,,,,18446712763349213184,18446712763349188608,140726305414320,0,486894563328,3508,486897876992,486897864704,140726305414320,3226960,,,,,,,,,,,,,,,,,,
"2025-09-20 12:59:39.7680597Z","ETW","Microsoft-Windows-Kernel-Process",4,"ThreadStopStop ","14596 WindowsPackageManagerServer.exe",10860,,,"14596 WindowsPackageManagerServer.exe",,,,,,,,,,,,18446712763351191552,18446712763351166976,140726305414320,0,486894579712,10860,486896828416,486896816128,140726305414320,1768520,,,,,,,,,,,,,,,,,,
"2025-09-20 12:59:39.7838389Z","ETW","Microsoft-Windows-Kernel-Process",3,"ThreadStartStart ","16628 vctip.exe",16640,,,"16628 vctip.exe",,,,,,,,,,,,18446712763351191552,18446712763351166976,140725142183712,0,434772918272,1096,434781552640,434781544448,140725142183712,,,,,,,,,,,,,,,,,,,
"2025-09-20 12:59:39.7838831Z","ETW","Microsoft-Windows-Kernel-Process",3,"ThreadStartStart ","16628 vctip.exe",16640,,,"16628 vctip.exe",,,,,,,,,,,,18446712763349213184,18446712763349188608,140725141630640,0,434772926464,4580,434782863360,434782855168,140725141630640,,,,,,,,,,,,,,,,,,,
"2025-09-20 12:59:39.9109800Z","ETW","Microsoft-Windows-Kernel-Process",3,"ThreadStartStart ","16628 vctip.exe",1096,,,"16628 vctip.exe",,,,,,,,,,,,18446712763360481280,18446712763360456704,140725142183712,0,434772934656,11376,434783911936,434783903744,140725142183712,,,,,,,,,,,,,,,,,,,
"2025-09-20 12:59:39.9111167Z","ETW","Microsoft-Windows-Kernel-Process",3,"ThreadStartStart ","16628 vctip.exe",1096,,,"16628 vctip.exe",,,,,,,,,,,,18446712763262738432,18446712763262713856,140725142183712,0,434772942848,15216,434784960512,434784952320,140725142183712,,,,,,,,,,,,,,,,,,,
"2025-09-20 12:59:39.9125239Z","ETW","Microsoft-Windows-Kernel-Process",3,"ThreadStartStart "," 2756 taskhostw.exe",16276,,," 2756 taskhostw.exe",,,,,,,,,,,,18446712763262623744,18446712763262599168,140726305414320,0,911595773952,14424,911596847104,911596814336,140726305414320,,,,,,,,,,,,,,,,,,,
"2025-09-20 12:59:40.4339200Z","ETW","Microsoft-Windows-Kernel-Process",4,"ThreadStopStop "," 3428 svchost.exe",9624,,," 3428 svchost.exe",,,,,,,,,,,,18446712763343622144,18446712763343597568,140725169770912,248,783967952896,9624,783976235008,783976202240,140725169770912,44453160,,,,,,,,,,,,,,,,,,
"2025-09-20 12:59:41.2911801Z","ETW","Microsoft-Windows-Kernel-Process",4,"ThreadStopStop ","16628 vctip.exe",4580,,,"16628 vctip.exe",,,,,,,,,,,,18446712763349213184,18446712763349188608,140725141630640,0,434772926464,4580,434782863360,434782855168,140725141630640,650180,,,,,,,,,,,,,,,,,,
"2025-09-20 12:59:41.6221502Z","ETW","Microsoft-Windows-Kernel-Process",4,"ThreadStopStop ","16568 OneDrive.Sync.Service.exe",16928,,,"16568 OneDrive.Sync.Service.exe",,,,,,,,,,,,18446712763320967168,18446712763320942592,140726305414320,0,373618147328,16928,371522011136,371521994752,140726305414320,23476400,,,,,,,,,,,,,,,,,,
"2025-09-20 12:59:41.6541713Z","ETW","Microsoft-Windows-Kernel-Process",4,"ThreadStopStop ","13932 devenv.exe",4992,,,"13932 devenv.exe",,,,,,,,,,,,18446712763327434752,18446712763327410176,140725142183712,0,298242408448,4992,298260889600,298260848640,140725142183712,262791280,,,,,,,,,,,,,,,,,,
"2025-09-20 12:59:41.8631686Z","ETW","Microsoft-Windows-Kernel-Process",3,"ThreadStartStart "," 5752 VBoxTray.exe",10656,,," 5752 VBoxTray.exe",,,,,,,,,,,,18446712763320967168,18446712763320942592,140696010091656,0,3080192,1116,47972352,47968256,140696010091656,,,,,,,,,,,,,,,,,,,
"2025-09-20 12:59:41.8634197Z","ETW","Microsoft-Windows-Kernel-Process",4,"ThreadStopStop "," 5752 VBoxTray.exe",1116,,," 5752 VBoxTray.exe",,,,,,,,,,,,18446712763320967168,18446712763320942592,140696010091656,0,3080192,1116,47972352,47964160,140696010091656,452200,,,,,,,,,,,,,,,,,,
"2025-09-20 12:59:42.0814865Z","ETW","Microsoft-Windows-Kernel-Process",4,"ThreadStopStop "," 8928 svchost.exe",9984,,," 8928 svchost.exe",,,,,,,,,,,,18446712763356983296,18446712763356958720,140726305414320,0,145929707520,9984,145928028160,145927991296,140726305414320,18931600,,,,,,,,,,,,,,,,,,
"2025-09-20 12:59:42.0815152Z","ETW","Microsoft-Windows-Kernel-Process",4,"ThreadStopStop "," 8928 svchost.exe",3012,,," 8928 svchost.exe",,,,,,,,,,,,18446712763358130176,18446712763358105600,140726305414320,0,145929715712,3012,145930846208,145930813440,140726305414320,484880,,,,,,,,,,,,,,,,,,
"2025-09-20 12:59:43.3495889Z","myETW","EDRi-Provider",4242,"[+] EDRi START MARKER","17948 EDRi.exe",,,,,,,,,,,,,,,,,,,,,,,,,,,,,,,,,,,,,,,,,,,
"2025-09-20 12:59:43.6028510Z","myETW","EDRi-Provider",4242,"[+] EDRi START MARKER","17948 EDRi.exe",,,,,,,,,,,,,,,,,,,,,,,,,,,,,,,,,,,,,,,,,,,
"2025-09-20 12:59:43.6506624Z","ETW","Microsoft-Windows-Kernel-Process",4,"ThreadStopStop "," 8736 powershell.exe",16552,,," 8736 powershell.exe",,,,,,,,,,,,18446712763368656896,18446712763368632320,140725142183712,0,558863478784,16552,558864269312,558864257024,140725142183712,5755100,,,,,,,,,,,,,,,,,,
"2025-09-20 12:59:43.6507104Z","ETW","Microsoft-Windows-Kernel-Process",4,"ThreadStopStop "," 8736 powershell.exe",5484,,," 8736 powershell.exe",,,,,,,,,,,,18446712763250388992,18446712763250364416,140725142183712,0,558863519744,5484,558868463616,558868430848,140725142183712,63770840,,,,,,,,,,,,,,,,,,
"2025-09-20 12:59:43.6507572Z","ETW","Microsoft-Windows-Kernel-Process",4,"ThreadStopStop "," 8736 powershell.exe",9116,,," 8736 powershell.exe",,,,,,,,,,,,18446712763249901568,18446712763249876992,140725142183712,0,558863511552,9116,558865317888,558865285120,140725142183712,39121380,,,,,,,,,,,,,,,,,,
"2025-09-20 12:59:43.6508313Z","ETW","Microsoft-Windows-Kernel-Process",4,"ThreadStopStop "," 8736 powershell.exe",13432,,," 8736 powershell.exe",,,,,,,,,,,,18446712763363004416,18446712763362979840,140725142183712,0,558863495168,13432,558864793600,558864781312,140725142183712,5315820,,,,,,,,,,,,,,,,,,
"2025-09-20 12:59:43.8563113Z","myETW","EDRi-Provider",4242,"[+] EDRi START MARKER","17948 EDRi.exe",,,,,,,,,,,,,,,,,,,,,,,,,,,,,,,,,,,,,,,,,,,
"2025-09-20 12:59:44.1095692Z","myETW","EDRi-Provider",4242,"[+] EDRi START MARKER","17948 EDRi.exe",,,,,,,,,,,,,,,,,,,,,,,,,,,,,,,,,,,,,,,,,,,
"2025-09-20 12:59:44.3631207Z","myETW","EDRi-Provider",4242,"[+] EDRi START MARKER","17948 EDRi.exe",,,,,,,,,,,,,,,,,,,,,,,,,,,,,,,,,,,,,,,,,,,
"2025-09-20 12:59:44.3805468Z","ETW","Microsoft-Windows-Kernel-Process",4,"ThreadStopStop "," 3428 svchost.exe",388,,," 3428 svchost.exe",,,,,,,,,,,,18446712763260862464,18446712763260837888,140725169770912,248,783967928320,388,783973089280,783973056512,140725169770912,489676360,,,,,,,,,,,,,,,,,,
"2025-09-20 12:59:44.3805580Z","ETW","Microsoft-Windows-Kernel-Process",4,"ThreadStopStop "," 3428 svchost.exe",1712,,," 3428 svchost.exe",,,,,,,,,,,,18446712763260796928,18446712763260772352,140725169770912,248,783967920128,1712,783972564992,783972532224,140725169770912,9337996500,,,,,,,,,,,,,,,,,,
"2025-09-20 12:59:44.6164223Z","ETW","Microsoft-Windows-Kernel-Process",3,"ThreadStartStart ","17948 EDRi.exe",9256,,," 6788 WindowsTerminal.exe",,,,,,,,,,,,18446712763320967168,18446712763320942592,140726276992384,0,14242754560,13924,14245953536,14245949440,140726276992384,,,,,,,,,,,,,,,,,,,
"2025-09-20 12:59:44.6174937Z","ETW","Microsoft-Windows-Kernel-Process",5,"ImageLoadInfo "," 6788 WindowsTerminal.exe",13924,,," 6788 WindowsTerminal.exe",,,"C:\Users\hacker\source\repos\EDR-Introspection\x64\Release\EDRHooker.dll",,,,,,,,,,,,,,,,,,,140724279836672,140724279836672,0,249856,1758372039,,,,,,,,,,,,,
"2025-09-20 12:59:44.6186499Z","ETW","Microsoft-Windows-Kernel-Process",3,"ThreadStartStart "," 6788 WindowsTerminal.exe",13924,,," 6788 WindowsTerminal.exe",,,,,,,,,,,,18446712763368656896,18446712763368632320,140724279845840,0,14242762752,5112,14247002112,14246998016,140724279845840,,,,,,,,,,,,,,,,,,,
"2025-09-20 12:59:44.6188471Z","ETW","Microsoft-Windows-Kernel-Process",4,"ThreadStopStop "," 6788 WindowsTerminal.exe",13924,,," 6788 WindowsTerminal.exe",,,,,,,,,,,,18446712763320967168,18446712763320942592,140726276992384,0,14242754560,13924,14245953536,14245941248,140726276992384,5599680,,,,,,,,,,,,,,,,,,
"2025-09-20 12:59:44.6196870Z","myETW","EDRi-Provider",4242,"[<] Before decrypting the attack exe","17948 EDRi.exe",,,,,,,,,,,,,,,,,,,,,,,,,,,,,,,,,,,,,,,,,,,
"2025-09-20 12:59:44.6218163Z","myETW","EDRi-Provider",4242,"[>]  After decrypting the attack exe","17948 EDRi.exe",,,,,,,,,,,,,,,,,,,,,,,,,,,,,,,,,,,,,,,,,,,
"2025-09-20 12:59:44.6231147Z","ETW","Microsoft-Windows-Kernel-Process",3,"ThreadStartStart "," 1252 svchost.exe",1304,,," 1252 svchost.exe",,,,,,,,,,,,18446712763263832064,18446712763263807488,140726305414320,38,85348663296,8280,85351464960,85351432192,140726305414320,,,,,,,,,,,,,,,,,,,
"2025-09-20 12:59:44.6383970Z","EDR-Hook","Hook-Provider",0,"NtSyscallEvent"," 6788 WindowsTerminal.exe",5112,,,,,,,,,,,,,,,,,,,,,,,,,,,,,,"Hooked NtOpenProcess",,,,,,,,,,,,
"2025-09-20 12:59:44.6629550Z","EDR-Hook","Hook-Provider",0,"NtSyscallEvent"," 6788 WindowsTerminal.exe",5112,,,,,,,,,,,,,,,,,,,,,,,,,,,,,,"Hooked NtReadVirtualMemory",,,,,,,,,,,,
"2025-09-20 12:59:44.6629595Z","EDR-Hook","Hook-Provider",0,"NtSyscallEvent"," 6788 WindowsTerminal.exe",5112,,,,,,,,,,,,,,,,,,,,,,,,,,,,,,"Hooks initialized",,,,,,,,,,,,
"2025-09-20 12:59:44.6631390Z","ETW","Microsoft-Windows-Kernel-Process",4,"ThreadStopStop "," 6788 WindowsTerminal.exe",5112,,," 6788 WindowsTerminal.exe",,,,,,,,,,,,18446712763368656896,18446712763368632320,140724279845840,0,14242762752,5112,14247002112,14246993920,140724279845840,159644840,,,,,,,,,,,,,,,,,,
"2025-09-20 12:59:44.7275311Z","ETW","Microsoft-Windows-Kernel-Process",4,"ThreadStopStop "," 8900 RuntimeBroker.exe",13696,,," 8900 RuntimeBroker.exe",,,,,,,,,,,,18446712763352625152,18446712763352600576,140726305414320,0,543920492544,13696,543919243264,543919194112,140726305414320,410020,,,,,,,,,,,,,,,,,,
"2025-09-20 12:59:45.1075973Z","ETW","Microsoft-Windows-Kernel-Process",4,"ThreadStopStop ","13288 MpDefenderCoreService.exe",13240,,,"13288 MpDefenderCoreService.exe",,,,,,,,,,,,18446712763331166208,18446712763331141632,140726305414320,0,705103929344,13240,705101889536,705101824000,140726305414320,22090160,,,,,,,,,,,,,,,,,,
"2025-09-20 12:59:45.2062172Z","ETW","Microsoft-Windows-Kernel-Process",3,"ThreadStartStart ","16628 vctip.exe",2644,,,"16628 vctip.exe",,,,,,,,,,,,18446712763331166208,18446712763331141632,140725141630640,0,434772951040,10392,434782863360,434782855168,140725141630640,,,,,,,,,,,,,,,,,,,
"2025-09-20 12:59:45.2063540Z","ETW","Microsoft-Windows-Kernel-Process",3,"ThreadStartStart ","16628 vctip.exe",11376,,,"16628 vctip.exe",,,,,,,,,,,,18446712763320967168,18446712763320942592,140725142183712,0,434772959232,11796,434786009088,434786000896,140725142183712,,,,,,,,,,,,,,,,,,,
"2025-09-20 12:59:45.2341047Z","ETW","Microsoft-Windows-Kernel-Process",4,"ThreadStopStop "," 2240 svchost.exe",16012,,," 2240 svchost.exe",,,,,,,,,,,,18446712763371438080,18446712763371413504,140726305414320,0,227917799424,16012,227919527936,227919495168,140726305414320,187720,,,,,,,,,,,,,,,,,,
"2025-09-20 12:59:45.2977846Z","ETW","Microsoft-Windows-Kernel-Process",4,"ThreadStopStop ","12192 MsMpEng.exe",5808,,,"12192 MsMpEng.exe",,,,,,,,,,,,18446712763279572992,18446712763279548416,140726305414320,0,1020386729984,5808,1020388704256,1020388638720,140726305414320,11879011660,,,,,,,,,,,,,,,,,,
"2025-09-20 12:59:45.6315898Z","myETW","EDRi-Provider",4242,"[<] Before starting the attack exe","17948 EDRi.exe",,,,,,,,,,,,,,,,,,,,,,,,,,,,,,,,,,,,,,,,,,,
"2025-09-20 12:59:45.7269233Z","ETW","Microsoft-Windows-Kernel-Process",4,"ThreadStopStop "," 1080 NisSrv.exe",15772,,," 1080 NisSrv.exe",,,,,,,,,,,,18446712763350732800,18446712763350708224,140726305414320,0,997848768512,15772,997847334912,997847269376,140726305414320,1681880,,,,,,,,,,,,,,,,,,
"2025-09-20 12:59:45.7429916Z","ETW","Microsoft-Windows-Kernel-Process",3,"ThreadStartStart ","    4 System",72,,," 8900 RuntimeBroker.exe",,,,,,,,,,,,18446712763350732800,18446712763350708224,140726305414320,0,543920500736,10160,543919243264,543919194112,140726305414320,,,,,,,,,,,,,,,,,,,
"2025-09-20 12:59:46.2496624Z","ETW","Microsoft-Windows-Kernel-Process",3,"ThreadStartStart ","    4 System",72,,," 2240 svchost.exe",,,,,,,,,,,,18446712763368656896,18446712763368632320,140726305414320,0,227917807616,8040,227919527936,227919495168,140726305414320,,,,,,,,,,,,,,,,,,,
"2025-09-20 12:59:46.3131269Z","ETW","Microsoft-Windows-Kernel-Process",3,"ThreadStartStart ","13288 MpDefenderCoreService.exe",17304,,,"13288 MpDefenderCoreService.exe",,,,,,,,,,,,18446712763263741952,18446712763263717376,140726305414320,107,705103937536,13076,705101889536,705101824000,140726305414320,,,,,,,,,,,,,,,,,,,
"2025-09-20 12:59:46.7091901Z","ETW","Microsoft-Windows-Kernel-Process",4,"ThreadStopStop ","16628 vctip.exe",10392,,,"16628 vctip.exe",,,,,,,,,,,,18446712763331166208,18446712763331141632,140725141630640,0,434772951040,10392,434782863360,434782855168,140725141630640,951140,,,,,,,,,,,,,,,,,,
"2025-09-20 12:59:46.7407167Z","ETW","Microsoft-Windows-Kernel-Process",3,"ThreadStartStart ","    4 System",72,,," 1080 NisSrv.exe",,,,,,,,,,,,18446712763331166208,18446712763331141632,140726305414320,0,997848817664,13380,997847334912,997847269376,140726305414320,,,,,,,,,,,,,,,,,,,
"2025-09-20 12:59:46.8685881Z","ETW","Microsoft-Windows-Kernel-Process",4,"ThreadStopStop ","13932 devenv.exe",4700,,,"13932 devenv.exe",,,,,,,,,,,,18446712763328065536,18446712763328040960,140726278802720,0,298242449408,4700,298266656768,298266648576,140726278802720,1054120,,,,,,,,,,,,,,,,,,
"2025-09-20 12:59:46.8721916Z","ETW","Microsoft-Windows-Kernel-Process",3,"ThreadStartStart "," 5752 VBoxTray.exe",10656,,," 5752 VBoxTray.exe",,,,,,,,,,,,18446712763356983296,18446712763356958720,140696010091656,0,3088384,8352,47972352,47968256,140696010091656,,,,,,,,,,,,,,,,,,,
"2025-09-20 12:59:46.8724142Z","ETW","Microsoft-Windows-Kernel-Process",4,"ThreadStopStop "," 5752 VBoxTray.exe",8352,,," 5752 VBoxTray.exe",,,,,,,,,,,,18446712763356983296,18446712763356958720,140696010091656,0,3088384,8352,47972352,47968256,140696010091656,421040,,,,,,,,,,,,,,,,,,
"2025-09-20 12:59:46.9964187Z","ETW","Microsoft-Windows-Kernel-Process",6,"ImageUnloadInfo "," 5572 explorer.exe",5948,,," 5572 explorer.exe",,,"C:\Windows\System32\execmodelproxy.dll",,,,,,,,,,,,,,,,,,,140725878063104,140725878063104,123398,94208,3588866498,,,,,,,,,,,,,
"2025-09-20 12:59:47.5650098Z","ETW","Microsoft-Windows-Kernel-Process",3,"ThreadStartStart "," 1844 ServiceHub.IntellicodeModelService.exe",16088,,," 1844 ServiceHub.IntellicodeModelService.exe",,,,,,,,,,,,18446712763352625152,18446712763352600576,140725141630640,0,1024676462592,18068,1024674234368,1024674217984,140725141630640,,,,,,,,,,,,,,,,,,,
"2025-09-20 12:59:47.7554157Z","ETW","Microsoft-Windows-Kernel-Process",4,"ThreadStopStop "," 6828 MSBuild.exe",16156,,," 6828 MSBuild.exe",,,,,,,,,,,,18446712763349471232,18446712763349446656,140726278802720,0,372960342016,16156,373003649024,373003632640,140726278802720,462460,,,,,,,,,,,,,,,,,,
"2025-09-20 12:59:47.8352654Z","ETW","Microsoft-Windows-Kernel-Process",4,"ThreadStopStop ","15400 MSBuild.exe",18360,,,"15400 MSBuild.exe",,,,,,,,,,,,18446712763350302720,18446712763350278144,140726278802720,0,895334203392,18360,895376949248,895376932864,140726278802720,569240,,,,,,,,,,,,,,,,,,
"2025-09-20 12:59:47.8989910Z","ETW","Microsoft-Windows-Kernel-Process",3,"ThreadStartStart ","16628 vctip.exe",16640,,,"16628 vctip.exe",,,,,,,,,,,,18446712763350302720,18446712763350278144,140725141630640,0,434772967424,13296,434782863360,434782855168,140725141630640,,,,,,,,,,,,,,,,,,,
"2025-09-20 12:59:48.1681310Z","ETW","Microsoft-Windows-Kernel-Process",4,"ThreadStopStop "," 2652 ServiceHub.Host.dotnet.x64.exe",5444,,," 2652 ServiceHub.Host.dotnet.x64.exe",,,,,,,,,,,,18446712763354632192,18446712763354607616,140724762130384,0,762318729216,5444,760217075712,760217067520,140724762130384,430160,,,,,,,,,,,,,,,,,,
"2025-09-20 12:59:48.1681838Z","ETW","Microsoft-Windows-Kernel-Process",4,"ThreadStopStop "," 2652 ServiceHub.Host.dotnet.x64.exe",1664,,," 2652 ServiceHub.Host.dotnet.x64.exe",,,,,,,,,,,,18446712763355234304,18446712763355209728,140724762130384,0,762318721024,1664,760215502848,760215494656,140724762130384,1966880,,,,,,,,,,,,,,,,,,
"2025-09-20 12:59:48.3110515Z","ETW","Microsoft-Windows-Kernel-Process",4,"ThreadStopStop ","  664 powershell.exe",2828,,,"  664 powershell.exe",,,,,,,,,,,,18446712763292585984,18446712763292561408,140725142183712,0,451953278976,2828,451956441088,451956428800,140725142183712,775200,,,,,,,,,,,,,,,,,,
"2025-09-20 12:59:48.3110721Z","ETW","Microsoft-Windows-Kernel-Process",4,"ThreadStopStop ","  664 powershell.exe",18152,,,"  664 powershell.exe",,,,,,,,,,,,18446712763354001408,18446712763353976832,140725142183712,0,451953262592,18152,451955654656,451955642368,140725142183712,1751800,,,,,,,,,,,,,,,,,,
"2025-09-20 12:59:48.7584000Z","ETW","Microsoft-Windows-Kernel-Process",3,"ThreadStartStart ","16628 vctip.exe",4312,,,"16628 vctip.exe",,,,,,,,,,,,18446712763264176128,18446712763264151552,140725142183712,0,434772975616,14216,434791251968,434791243776,140725142183712,,,,,,,,,,,,,,,,,,,
"2025-09-20 12:59:48.7721479Z","ETW","Microsoft-Windows-Kernel-Process",4,"ThreadStopStop "," 4152 svchost.exe",15880,,," 4152 svchost.exe",,,,,,,,,,,,18446712763330420736,18446712763330396160,140726305414320,0,879707086848,15880,879706177536,879706144768,140726305414320,459420,,,,,,,,,,,,,,,,,,
"2025-09-20 12:59:48.7721667Z","ETW","Microsoft-Windows-Kernel-Process",4,"ThreadStopStop "," 9456 svchost.exe",10916,,," 9456 svchost.exe",,,,,,,,,,,,18446712763372011520,18446712763371986944,140726305414320,0,344431190016,10916,344433098752,344433065984,140726305414320,269040,,,,,,,,,,,,,,,,,,
"2025-09-20 12:59:48.8290396Z","ETW","Microsoft-Windows-Kernel-Process",3,"ThreadStartStart "," 8736 powershell.exe",1744,,," 8736 powershell.exe",,,,,,,,,,,,18446712763372011520,18446712763371986944,140725142183712,0,558863536128,6280,558864269312,558864261120,140725142183712,,,,,,,,,,,,,,,,,,,
"2025-09-20 12:59:48.8291089Z","ETW","Microsoft-Windows-Kernel-Process",3,"ThreadStartStart "," 8736 powershell.exe",1744,,," 8736 powershell.exe",,,,,,,,,,,,18446712763330420736,18446712763330396160,140725141630640,0,558863544320,12652,558861516800,558861508608,140725141630640,,,,,,,,,,,,,,,,,,,
"2025-09-20 12:59:48.8293765Z","ETW","Microsoft-Windows-Kernel-Process",3,"ThreadStartStart "," 8736 powershell.exe",6280,,," 8736 powershell.exe",,,,,,,,,,,,18446712763264634880,18446712763264610304,140725142183712,0,558863552512,17656,558864793600,558864785408,140725142183712,,,,,,,,,,,,,,,,,,,
"2025-09-20 12:59:49.0720346Z","ETW","Microsoft-Windows-Kernel-Process",4,"ThreadStopStop "," 1844 ServiceHub.IntellicodeModelService.exe",18068,,," 1844 ServiceHub.IntellicodeModelService.exe",,,,,,,,,,,,18446712763352625152,18446712763352600576,140725141630640,0,1024676462592,18068,1024674234368,1024674217984,140725141630640,867920,,,,,,,,,,,,,,,,,,
"2025-09-20 12:59:49.2141939Z","ETW","Microsoft-Windows-Kernel-Process",4,"ThreadStopStop ","  676 msedgewebview2.exe",15028,,,"  676 msedgewebview2.exe",,,,,,,,,,,,18446712763314044928,18446712763314020352,140726305414320,0,696632246272,15028,696709545984,696709541888,140726305414320,241300,,,,,,,,,,,,,,,,,,
"2025-09-20 12:59:49.7831828Z","ETW","Microsoft-Windows-Kernel-Process",3,"ThreadStartStart ","    4 System",72,,," 4152 svchost.exe",,,,,,,,,,,,18446712763314044928,18446712763314020352,140726305414320,0,879707095040,10288,879706177536,879706144768,140726305414320,,,,,,,,,,,,,,,,,,,
"2025-09-20 12:59:49.7833023Z","ETW","Microsoft-Windows-Kernel-Process",3,"ThreadStartStart ","    4 System",72,,," 9456 svchost.exe",,,,,,,,,,,,18446712763264892928,18446712763264868352,140726305414320,0,344431198208,10212,344433098752,344433065984,140726305414320,,,,,,,,,,,,,,,,,,,
"2025-09-20 12:59:49.9091565Z","ETW","Microsoft-Windows-Kernel-Process",4,"ThreadStopStop ","16628 vctip.exe",13296,,,"16628 vctip.exe",,,,,,,,,,,,18446712763350302720,18446712763350278144,140725141630640,0,434772967424,13296,434782863360,434782855168,140725141630640,970520,,,,,,,,,,,,,,,,,,
"2025-09-20 12:59:50.2266758Z","ETW","Microsoft-Windows-Kernel-Process",3,"ThreadStartStart ","    4 System",72,,,"  676 msedgewebview2.exe",,,,,,,,,,,,18446712763350302720,18446712763350278144,140726305414320,0,696632254464,14520,696709545984,696709541888,140726305414320,,,,,,,,,,,,,,,,,,,
"2025-09-20 12:59:50.2582931Z","ETW","Microsoft-Windows-Kernel-Process",4,"ThreadStopStop ","12812 svchost.exe",15740,,,"12812 svchost.exe",,,,,,,,,,,,18446712763352911872,18446712763352887296,140726305414320,0,83240013824,15740,83240681472,83240648704,140726305414320,14443800,,,,,,,,,,,,,,,,,,
"2025-09-20 12:59:50.3379614Z","ETW","Microsoft-Windows-Kernel-Process",4,"ThreadStopStop "," 8736 powershell.exe",12652,,," 8736 powershell.exe",,,,,,,,,,,,18446712763330420736,18446712763330396160,140725141630640,0,558863544320,12652,558861516800,558861508608,140725141630640,527060,,,,,,,,,,,,,,,,,,
"2025-09-20 12:59:50.6399977Z","ETW","Microsoft-Windows-Kernel-Process",1,"ProcessStartStart "," 1156 SearchIndexer.exe",7948,,,"15228 SearchProtocolHost.exe",,,"C:\Windows\System32\SearchProtocolHost.exe",,,,,,,,,,,,,,,,,,,,,750040,,1604801139,,134028467906399297,0,"0x","","",1156,165,19060,1,1,0,0
"2025-09-20 12:59:50.6429366Z","ETW","Microsoft-Windows-Kernel-Process",3,"ThreadStartStart "," 1156 SearchIndexer.exe",7948,,,"15228 SearchProtocolHost.exe",,,,,,,,,,,,18446712763352625152,18446712763352600576,140697584351200,264,744870141952,8336,744867627008,744867594240,140697584351200,,,,,,,,,,,,,,,,,,,
"2025-09-20 12:59:50.6446268Z","ETW","Microsoft-Windows-Kernel-Process",5,"ImageLoadInfo ","15228 SearchProtocolHost.exe",8336,,,"15228 SearchProtocolHost.exe",,,"C:\Windows\System32\SearchProtocolHost.exe",,,,,,,,,,,,,,,,,,,140697584336896,140697584336896,750040,704512,1604801139,,,,,,,,,,,,,
"2025-09-20 12:59:50.6446802Z","ETW","Microsoft-Windows-Kernel-Process",5,"ImageLoadInfo ","15228 SearchProtocolHost.exe",8336,,,"15228 SearchProtocolHost.exe",,,"C:\Windows\System32\ntdll.dll",,,,,,,,,,,,,,,,,,,140726304899072,140726304899072,2572841,2527232,244743817,,,,,,,,,,,,,
"2025-09-20 12:59:50.6456435Z","ETW","Microsoft-Windows-Kernel-Process",5,"ImageLoadInfo ","15228 SearchProtocolHost.exe",8336,,,"15228 SearchProtocolHost.exe",,,"C:\Windows\System32\kernel32.dll",,,,,,,,,,,,,,,,,,,140726276718592,140726276718592,882745,823296,160271359,,,,,,,,,,,,,
"2025-09-20 12:59:50.6458450Z","ETW","Microsoft-Windows-Kernel-Process",5,"ImageLoadInfo ","15228 SearchProtocolHost.exe",8336,,,"15228 SearchProtocolHost.exe",,,"C:\Windows\System32\KernelBase.dll",,,,,,,,,,,,,,,,,,,140726256861184,140726256861184,4181903,4141056,177944830,,,,,,,,,,,,,
"2025-09-20 12:59:50.6472208Z","ETW","Microsoft-Windows-Kernel-Process",5,"ImageLoadInfo ","15228 SearchProtocolHost.exe",8336,,,"15228 SearchProtocolHost.exe",,,"C:\Windows\System32\msvcp_win.dll",,,,,,,,,,,,,,,,,,,140726264594432,140726264594432,646521,667648,1374014297,,,,,,,,,,,,,
"2025-09-20 12:59:50.6473715Z","ETW","Microsoft-Windows-Kernel-Process",5,"ImageLoadInfo ","15228 SearchProtocolHost.exe",8336,,,"15228 SearchProtocolHost.exe",,,"C:\Windows\System32\ucrtbase.dll",,,,,,,,,,,,,,,,,,,140726261645312,140726261645312,1375546,1355776,3578273335,,,,,,,,,,,,,
"2025-09-20 12:59:50.6475363Z","ETW","Microsoft-Windows-Kernel-Process",3,"ThreadStartStart ","15228 SearchProtocolHost.exe",8336,,,"15228 SearchProtocolHost.exe",,,,,,,,,,,,18446712763264921600,18446712763264897024,140726305414320,0,744870150144,8868,744868151296,744868118528,140726305414320,,,,,,,,,,,,,,,,,,,
"2025-09-20 12:59:50.6476160Z","ETW","Microsoft-Windows-Kernel-Process",3,"ThreadStartStart ","15228 SearchProtocolHost.exe",8336,,,"15228 SearchProtocolHost.exe",,,,,,,,,,,,18446712763264978944,18446712763264954368,140726305414320,0,744870158336,14740,744871165952,744871133184,140726305414320,,,,,,,,,,,,,,,,,,,
"2025-09-20 12:59:50.6477094Z","ETW","Microsoft-Windows-Kernel-Process",5,"ImageLoadInfo ","15228 SearchProtocolHost.exe",8336,,,"15228 SearchProtocolHost.exe",,,"C:\Windows\System32\oleaut32.dll",,,,,,,,,,,,,,,,,,,140726303326208,140726303326208,898252,880640,1533373544,,,,,,,,,,,,,
"2025-09-20 12:59:50.6478381Z","ETW","Microsoft-Windows-Kernel-Process",5,"ImageLoadInfo ","15228 SearchProtocolHost.exe",8336,,,"15228 SearchProtocolHost.exe",,,"C:\Windows\System32\combase.dll",,,,,,,,,,,,,,,,,,,140726277570560,140726277570560,3718718,3649536,740080917,,,,,,,,,,,,,
"2025-09-20 12:59:50.6480047Z","ETW","Microsoft-Windows-Kernel-Process",5,"ImageLoadInfo ","15228 SearchProtocolHost.exe",8336,,,"15228 SearchProtocolHost.exe",,,"C:\Windows\System32\rpcrt4.dll",,,,,,,,,,,,,,,,,,,140726298738688,140726298738688,1223202,1146880,2270715780,,,,,,,,,,,,,
"2025-09-20 12:59:50.6482321Z","ETW","Microsoft-Windows-Kernel-Process",3,"ThreadStartStart ","15228 SearchProtocolHost.exe",14740,,,"15228 SearchProtocolHost.exe",,,,,,,,,,,,18446712763265036288,18446712763265011712,140726305414320,0,744870166528,18052,744871690240,744871657472,140726305414320,,,,,,,,,,,,,,,,,,,
"2025-09-20 12:59:50.6496387Z","ETW","Microsoft-Windows-Kernel-Process",5,"ImageLoadInfo ","15228 SearchProtocolHost.exe",8336,,,"15228 SearchProtocolHost.exe",,,"C:\Windows\System32\imm32.dll",,,,,,,,,,,,,,,,,,,140726283403264,140726283403264,237947,192512,2763417762,,,,,,,,,,,,,
"2025-09-20 12:59:50.6497938Z","ETW","Microsoft-Windows-Kernel-Process",5,"ImageLoadInfo ","15228 SearchProtocolHost.exe",8336,,,"15228 SearchProtocolHost.exe",,,"C:\Windows\System32\win32u.dll",,,,,,,,,,,,,,,,,,,140726265315328,140726265315328,224169,159744,26232205,,,,,,,,,,,,,
"2025-09-20 12:59:50.6500382Z","ETW","Microsoft-Windows-Kernel-Process",5,"ImageLoadInfo ","15228 SearchProtocolHost.exe",8336,,,"15228 SearchProtocolHost.exe",,,"C:\Windows\System32\user32.dll",,,,,,,,,,,,,,,,,,,140726284517376,140726284517376,1881491,1851392,3331151859,,,,,,,,,,,,,
"2025-09-20 12:59:50.6502589Z","ETW","Microsoft-Windows-Kernel-Process",5,"ImageLoadInfo ","15228 SearchProtocolHost.exe",8336,,,"15228 SearchProtocolHost.exe",,,"C:\Windows\System32\gdi32.dll",,,,,,,,,,,,,,,,,,,140726281240576,140726281240576,238989,176128,2785614686,,,,,,,,,,,,,
"2025-09-20 12:59:50.6504258Z","ETW","Microsoft-Windows-Kernel-Process",5,"ImageLoadInfo ","15228 SearchProtocolHost.exe",8336,,,"15228 SearchProtocolHost.exe",,,"C:\Windows\System32\gdi32full.dll",,,,,,,,,,,,,,,,,,,140726267805696,140726267805696,1281862,1232896,1876973872,,,,,,,,,,,,,
"2025-09-20 12:59:50.6523289Z","ETW","Microsoft-Windows-Kernel-Process",5,"ImageLoadInfo ","15228 SearchProtocolHost.exe",8336,,,"15228 SearchProtocolHost.exe",,,"C:\Windows\System32\kernel.appcore.dll",,,,,,,,,,,,,,,,,,,140726237200384,140726237200384,125051,110592,2547479300,,,,,,,,,,,,,
"2025-09-20 12:59:50.6524442Z","ETW","Microsoft-Windows-Kernel-Process",5,"ImageLoadInfo ","15228 SearchProtocolHost.exe",8336,,,"15228 SearchProtocolHost.exe",,,"C:\Windows\System32\msvcrt.dll",,,,,,,,,,,,,,,,,,,140726286876672,140726286876672,732727,692224,159756539,,,,,,,,,,,,,
"2025-09-20 12:59:50.6528602Z","ETW","Microsoft-Windows-Kernel-Process",5,"ImageLoadInfo ","15228 SearchProtocolHost.exe",8336,,,"15228 SearchProtocolHost.exe",,,"C:\Windows\System32\bcryptprimitives.dll",,,,,,,,,,,,,,,,,,,140726256205824,140726256205824,699598,626688,3582665716,,,,,,,,,,,,,
"2025-09-20 12:59:50.6533148Z","ETW","Microsoft-Windows-Kernel-Process",5,"ImageLoadInfo ","15228 SearchProtocolHost.exe",8336,,,"15228 SearchProtocolHost.exe",,,"C:\Windows\System32\advapi32.dll",,,,,,,,,,,,,,,,,,,140726299918336,140726299918336,771919,737280,2638054253,,,,,,,,,,,,,
"2025-09-20 12:59:50.6534363Z","ETW","Microsoft-Windows-Kernel-Process",5,"ImageLoadInfo ","15228 SearchProtocolHost.exe",8336,,,"15228 SearchProtocolHost.exe",,,"C:\Windows\System32\sechost.dll",,,,,,,,,,,,,,,,,,,140726295461888,140726295461888,700521,679936,2166290279,,,,,,,,,,,,,
"2025-09-20 12:59:50.6560363Z","ETW","Microsoft-Windows-Kernel-Process",5,"ImageLoadInfo ","15228 SearchProtocolHost.exe",8336,,,"15228 SearchProtocolHost.exe",,,"C:\Windows\System32\clbcatq.dll",,,,,,,,,,,,,,,,,,,140726296182784,140726296182784,783590,724992,4271766768,,,,,,,,,,,,,
"2025-09-20 12:59:50.6579363Z","ETW","Microsoft-Windows-Kernel-Process",3,"ThreadStartStart ","15228 SearchProtocolHost.exe",8336,,,"15228 SearchProtocolHost.exe",,,,,,,,,,,,18446712763265093632,18446712763265069056,140697584512016,0,744870174720,17600,744872214528,744872181760,140697584512016,,,,,,,,,,,,,,,,,,,
"2025-09-20 12:59:50.6580404Z","ETW","Microsoft-Windows-Kernel-Process",3,"ThreadStartStart ","15228 SearchProtocolHost.exe",8336,,,"15228 SearchProtocolHost.exe",,,,,,,,,,,,18446712763265122304,18446712763265097728,140697584499328,0,744870182912,15872,744872738816,744872706048,140697584499328,,,,,,,,,,,,,,,,,,,
"2025-09-20 12:59:50.6582526Z","ETW","Microsoft-Windows-Kernel-Process",5,"ImageLoadInfo ","15228 SearchProtocolHost.exe",15872,,,"15228 SearchProtocolHost.exe",,,"C:\Windows\System32\ole32.dll",,,,,,,,,,,,,,,,,,,140726287597568,140726287597568,1722436,1671168,4289846886,,,,,,,,,,,,,
"2025-09-20 12:59:50.6594790Z","ETW","Microsoft-Windows-Kernel-Process",3,"ThreadStartStart ","15228 SearchProtocolHost.exe",15872,,,"15228 SearchProtocolHost.exe",,,,,,,,,,,,18446712763265265664,18446712763265241088,140726278802720,0,744870191104,5708,744873263104,744873230336,140726278802720,,,,,,,,,,,,,,,,,,,
"2025-09-20 12:59:50.6597615Z","ETW","Microsoft-Windows-Kernel-Process",3,"ThreadStartStart ","    4 System",72,,,"15228 SearchProtocolHost.exe",,,,,,,,,,,,18446712763265323008,18446712763265298432,140726305414320,0,744870199296,6184,744873787392,744873754624,140726305414320,,,,,,,,,,,,,,,,,,,
"2025-09-20 12:59:50.6599400Z","ETW","Microsoft-Windows-Kernel-Process",3,"ThreadStartStart ","15228 SearchProtocolHost.exe",6184,,,"15228 SearchProtocolHost.exe",,,,,,,,,,,,18446712763265351680,18446712763265327104,140726305414320,0,744870207488,10496,744874311680,744874278912,140726305414320,,,,,,,,,,,,,,,,,,,
"2025-09-20 12:59:50.6613124Z","ETW","Microsoft-Windows-Kernel-Process",5,"ImageLoadInfo ","15228 SearchProtocolHost.exe",15872,,,"15228 SearchProtocolHost.exe",,,"C:\Windows\System32\mssprxy.dll",,,,,,,,,,,,,,,,,,,140725931343872,140725931343872,207499,192512,3604884478,,,,,,,,,,,,,
"2025-09-20 12:59:50.6625763Z","ETW","Microsoft-Windows-Kernel-Process",5,"ImageLoadInfo ","15228 SearchProtocolHost.exe",17600,,,"15228 SearchProtocolHost.exe",,,"C:\Windows\System32\mssph.dll",,,,,,,,,,,,,,,,,,,140724279574528,140724279574528,278565,249856,1294273135,,,,,,,,,,,,,
"2025-09-20 12:59:50.6627235Z","ETW","Microsoft-Windows-Kernel-Process",5,"ImageLoadInfo ","15228 SearchProtocolHost.exe",17600,,,"15228 SearchProtocolHost.exe",,,"C:\Windows\System32\SHCore.dll",,,,,,,,,,,,,,,,,,,140726294085632,140726294085632,986194,983040,4225820209,,,,,,,,,,,,,
"2025-09-20 12:59:50.6634115Z","ETW","Microsoft-Windows-Kernel-Process",5,"ImageLoadInfo ","15228 SearchProtocolHost.exe",17600,,,"15228 SearchProtocolHost.exe",,,"C:\Windows\System32\authz.dll",,,,,,,,,,,,,,,,,,,140726232875008,140726232875008,393077,327680,2035524097,,,,,,,,,,,,,
"2025-09-20 12:59:50.6640310Z","ETW","Microsoft-Windows-Kernel-Process",5,"ImageLoadInfo ","15228 SearchProtocolHost.exe",15872,,,"15228 SearchProtocolHost.exe",,,"C:\Windows\System32\ntmarta.dll",,,,,,,,,,,,,,,,,,,140726238380032,140726238380032,286201,221184,2803059627,,,,,,,,,,,,,
"2025-09-20 12:59:50.6648128Z","ETW","Microsoft-Windows-Kernel-Process",5,"ImageLoadInfo ","15228 SearchProtocolHost.exe",15872,,,"15228 SearchProtocolHost.exe",,,"C:\Windows\System32\windows.storage.dll",,,,,,,,,,,,,,,,,,,140726219112448,140726219112448,8821142,8753152,83910174,,,,,,,,,,,,,
"2025-09-20 12:59:50.6657337Z","ETW","Microsoft-Windows-Kernel-Process",5,"ImageLoadInfo ","15228 SearchProtocolHost.exe",15872,,,"15228 SearchProtocolHost.exe",,,"C:\Windows\System32\shlwapi.dll",,,,,,,,,,,,,,,,,,,140726286417920,140726286417920,424140,401408,4162087576,,,,,,,,,,,,,
"2025-09-20 12:59:50.6672587Z","ETW","Microsoft-Windows-Kernel-Process",5,"ImageLoadInfo ","15228 SearchProtocolHost.exe",15872,,,"15228 SearchProtocolHost.exe",,,"C:\Windows\System32\propsys.dll",,,,,,,,,,,,,,,,,,,140726171926528,140726171926528,1093901,1064960,1693759882,,,,,,,,,,,,,
"2025-09-20 12:59:50.6698193Z","ETW","Microsoft-Windows-Kernel-Process",3,"ThreadStartStart ","15228 SearchProtocolHost.exe",15872,,,"15228 SearchProtocolHost.exe",,,,,,,,,,,,18446712763265380352,18446712763265355776,140726294125616,0,744870215680,1284,744874835968,744874803200,140726294125616,,,,,,,,,,,,,,,,,,,
"2025-09-20 12:59:50.6707581Z","ETW","Microsoft-Windows-Kernel-Process",3,"ThreadStartStart ","    4 System",72,,," 3200 svchost.exe",,,,,,,,,,,,18446712763260796928,18446712763260772352,140726305414320,0,819686604800,2540,819689160704,819689127936,140726305414320,,,,,,,,,,,,,,,,,,,
"2025-09-20 12:59:50.6708944Z","ETW","Microsoft-Windows-Kernel-Process",3,"ThreadStartStart "," 3200 svchost.exe",2540,,," 3200 svchost.exe",,,,,,,,,,,,18446712763265409024,18446712763265384448,140726305414320,185,819686612992,17452,819689684992,819689652224,140726305414320,,,,,,,,,,,,,,,,,,,
"2025-09-20 12:59:50.6718157Z","ETW","Microsoft-Windows-Kernel-Process",5,"ImageLoadInfo ","15228 SearchProtocolHost.exe",1284,,,"15228 SearchProtocolHost.exe",,,"C:\Windows\System32\Windows.StateRepositoryPS.dll",,,,,,,,,,,,,,,,,,,140725962407936,140725962407936,882789,802816,3687758230,,,,,,,,,,,,,
"2025-09-20 12:59:50.6757735Z","ETW","Microsoft-Windows-Kernel-Process",5,"ImageLoadInfo ","15228 SearchProtocolHost.exe",15872,,,"15228 SearchProtocolHost.exe",,,"C:\Windows\System32\shell32.dll",,,,,,,,,,,,,,,,,,,140726269050880,140726269050880,7734415,7655424,3127086255,,,,,,,,,,,,,
"2025-09-20 12:59:50.6759585Z","ETW","Microsoft-Windows-Kernel-Process",5,"ImageLoadInfo ","15228 SearchProtocolHost.exe",15872,,,"15228 SearchProtocolHost.exe",,,"C:\Windows\System32\WinTypes.dll",,,,,,,,,,,,,,,,,,,140726265511936,140726265511936,1568255,1490944,2497817283,,,,,,,,,,,,,
"2025-09-20 12:59:50.6786199Z","ETW","Microsoft-Windows-Kernel-Process",5,"ImageLoadInfo ","15228 SearchProtocolHost.exe",10496,,,"15228 SearchProtocolHost.exe",,,"C:\Windows\System32\cfgmgr32.dll",,,,,,,,,,,,,,,,,,,140726251552768,140726251552768,378754,356352,836129831,,,,,,,,,,,,,
"2025-09-20 12:59:50.6793888Z","ETW","Microsoft-Windows-Kernel-Process",5,"ImageLoadInfo ","15228 SearchProtocolHost.exe",15872,,,"15228 SearchProtocolHost.exe",,,"C:\Windows\System32\Windows.System.Launcher.dll",,,,,,,,,,,,,,,,,,,140725955592192,140725955592192,1607839,1544192,3023881912,,,,,,,,,,,,,
"2025-09-20 12:59:50.6799165Z","ETW","Microsoft-Windows-Kernel-Process",6,"ImageUnloadInfo ","15228 SearchProtocolHost.exe",15872,,,"15228 SearchProtocolHost.exe",,,"C:\Windows\System32\Windows.System.Launcher.dll",,,,,,,,,,,,,,,,,,,140725955592192,140725955592192,1607839,1556480,3023881912,,,,,,,,,,,,,
"2025-09-20 12:59:50.6802842Z","ETW","Microsoft-Windows-Kernel-Process",5,"ImageLoadInfo ","15228 SearchProtocolHost.exe",15872,,,"15228 SearchProtocolHost.exe",,,"C:\Windows\System32\Windows.FileExplorer.Common.dll",,,,,,,,,,,,,,,,,,,140725786247168,140725786247168,785701,778240,1296010388,,,,,,,,,,,,,
"2025-09-20 12:59:50.6822989Z","ETW","Microsoft-Windows-Kernel-Process",5,"ImageLoadInfo ","15228 SearchProtocolHost.exe",15872,,,"15228 SearchProtocolHost.exe",,,"C:\Windows\System32\profapi.dll",,,,,,,,,,,,,,,,,,,140726255288320,140726255288320,182967,167936,2107422311,,,,,,,,,,,,,
"2025-09-20 12:59:50.6852618Z","ETW","Microsoft-Windows-Kernel-Process",5,"ImageLoadInfo ","15228 SearchProtocolHost.exe",15872,,,"15228 SearchProtocolHost.exe",,,"C:\Windows\System32\edputil.dll",,,,,,,,,,,,,,,,,,,140725934358528,140725934358528,193567,167936,1763604982,,,,,,,,,,,,,
"2025-09-20 12:59:50.6864042Z","ETW","Microsoft-Windows-Kernel-Process",5,"ImageLoadInfo ","15228 SearchProtocolHost.exe",15872,,,"15228 SearchProtocolHost.exe",,,"C:\Windows\System32\Windows.System.Launcher.dll",,,,,,,,,,,,,,,,,,,140725955592192,140725955592192,1607839,1544192,3023881912,,,,,,,,,,,,,
"2025-09-20 12:59:50.6867811Z","ETW","Microsoft-Windows-Kernel-Process",6,"ImageUnloadInfo ","15228 SearchProtocolHost.exe",15872,,,"15228 SearchProtocolHost.exe",,,"C:\Windows\System32\Windows.System.Launcher.dll",,,,,,,,,,,,,,,,,,,140725955592192,140725955592192,1607839,1556480,3023881912,,,,,,,,,,,,,
"2025-09-20 12:59:50.6872876Z","ETW","Microsoft-Windows-Kernel-Process",5,"ImageLoadInfo ","15228 SearchProtocolHost.exe",15872,,,"15228 SearchProtocolHost.exe",,,"C:\Windows\System32\cldapi.dll",,,,,,,,,,,,,,,,,,,140725796208640,140725796208640,244183,192512,3001869807,,,,,,,,,,,,,
"2025-09-20 12:59:50.6877795Z","ETW","Microsoft-Windows-Kernel-Process",5,"ImageLoadInfo ","15228 SearchProtocolHost.exe",15872,,,"15228 SearchProtocolHost.exe",,,"C:\Windows\System32\sspicli.dll",,,,,,,,,,,,,,,,,,,140726239952896,140726239952896,349853,299008,2864141700,,,,,,,,,,,,,
"2025-09-20 12:59:50.7176665Z","ETW","Microsoft-Windows-Kernel-Process",4,"ThreadStopStop ","10856 svchost.exe",8164,,,"10856 svchost.exe",,,,,,,,,,,,18446712763345801216,18446712763345776640,140726305414320,0,171027333120,8164,171029561344,171029528576,140726305414320,244720,,,,,,,,,,,,,,,,,,
"2025-09-20 12:59:50.7820106Z","ETW","Microsoft-Windows-Kernel-Process",5,"ImageLoadInfo "," 6336 SearchHost.exe",14648,,," 6336 SearchHost.exe",,,"C:\Windows\System32\mlang.dll",,,,,,,,,,,,,,,,,,,140725724053504,140725724053504,295319,278528,3997644733,,,,,,,,,,,,,
"2025-09-20 12:59:50.7853765Z","ETW","Microsoft-Windows-Kernel-Process",4,"ThreadStopStop "," 6336 SearchHost.exe",8604,,," 6336 SearchHost.exe",,,,,,,,,,,,18446712763353858048,18446712763353833472,140725863058560,0,321031118848,8604,321041465344,321041399808,140725863058560,4399260,,,,,,,,,,,,,,,,,,
"2025-09-20 12:59:50.7855538Z","ETW","Microsoft-Windows-Kernel-Process",3,"ThreadStartStart "," 6336 SearchHost.exe",14648,,," 6336 SearchHost.exe",,,,,,,,,,,,18446712763353858048,18446712763353833472,140725863058560,0,321031258112,3368,321036222464,321036156928,140725863058560,,,,,,,,,,,,,,,,,,,
"2025-09-20 12:59:51.6200401Z","ETW","Microsoft-Windows-Kernel-Process",4,"ThreadStopStop ","13128 svchost.exe",9488,,,"13128 svchost.exe",,,,,,,,,,,,18446712763354832896,18446712763354808320,140726305414320,0,295334060032,9488,295336673280,295336640512,140726305414320,1995760,,,,,,,,,,,,,,,,,,
"2025-09-20 12:59:51.7306608Z","ETW","Microsoft-Windows-Kernel-Process",3,"ThreadStartStart ","    4 System",72,,,"10856 svchost.exe",,,,,,,,,,,,18446712763354832896,18446712763354808320,140726305414320,0,171027341312,8820,171029561344,171029528576,140726305414320,,,,,,,,,,,,,,,,,,,
"2025-09-20 12:59:51.8775250Z","ETW","Microsoft-Windows-Kernel-Process",3,"ThreadStartStart "," 5752 VBoxTray.exe",10656,,," 5752 VBoxTray.exe",,,,,,,,,,,,18446712763265753088,18446712763265728512,140696010091656,0,3096576,11232,47972352,47968256,140696010091656,,,,,,,,,,,,,,,,,,,
"2025-09-20 12:59:51.8777322Z","ETW","Microsoft-Windows-Kernel-Process",4,"ThreadStopStop "," 5752 VBoxTray.exe",11232,,," 5752 VBoxTray.exe",,,,,,,,,,,,18446712763265753088,18446712763265728512,140696010091656,0,3096576,11232,47972352,47968256,140696010091656,424080,,,,,,,,,,,,,,,,,,
"2025-09-20 12:59:52.3193064Z","ETW","Microsoft-Windows-Kernel-Process",3,"ThreadStartStart ","13932 devenv.exe",8412,,,"13932 devenv.exe",,,,,,,,,,,,18446712763265896448,18446712763265871872,140725142183712,0,298242629632,15624,298248568832,298248560640,140725142183712,,,,,,,,,,,,,,,,,,,
"2025-09-20 12:59:52.5206625Z","ETW","Microsoft-Windows-Kernel-Process",3,"ThreadStartStart "," 8736 powershell.exe",1744,,," 8736 powershell.exe",,,,,,,,,,,,18446712763265179648,18446712763265155072,140725141630640,0,558863560704,7080,558861516800,558861508608,140725141630640,,,,,,,,,,,,,,,,,,,
"2025-09-20 12:59:52.5206909Z","ETW","Microsoft-Windows-Kernel-Process",3,"ThreadStartStart "," 8736 powershell.exe",17656,,," 8736 powershell.exe",,,,,,,,,,,,18446712763330420736,18446712763330396160,140725142183712,0,558863577088,10896,558868463616,558868455424,140725142183712,,,,,,,,,,,,,,,,,,,
"2025-09-20 12:59:52.5206959Z","ETW","Microsoft-Windows-Kernel-Process",3,"ThreadStartStart "," 8736 powershell.exe",6280,,," 8736 powershell.exe",,,,,,,,,,,,18446712763265466368,18446712763265441792,140725142183712,0,558863568896,6012,558865317888,558865309696,140725142183712,,,,,,,,,,,,,,,,,,,
"2025-09-20 12:59:52.6520650Z","ETW","Microsoft-Windows-Kernel-Process",4,"ThreadStopStop "," 7504 msedgewebview2.exe",13248,,," 7504 msedgewebview2.exe",,,,,,,,,,,,18446712763360825344,18446712763360800768,140726305414320,0,138363265024,13248,138498015232,138498011136,140726305414320,329460,,,,,,,,,,,,,,,,,,
"2025-09-20 12:59:52.7312084Z","ETW","Microsoft-Windows-Kernel-Process",3,"ThreadStartStart "," 7280 PerfWatson2.exe",16480,,," 7280 PerfWatson2.exe",,,,,,,,,,,,18446712763266015232,18446712763265990656,140725142183712,0,184129904640,15284,184138334208,184138317824,140725142183712,,,,,,,,,,,,,,,,,,,
"2025-09-20 12:59:52.7313119Z","ETW","Microsoft-Windows-Kernel-Process",3,"ThreadStartStart "," 7280 PerfWatson2.exe",16480,,," 7280 PerfWatson2.exe",,,,,,,,,,,,18446712763266072576,18446712763266048000,140725141630640,0,184129912832,11500,184127455232,184127438848,140725141630640,,,,,,,,,,,,,,,,,,,
"2025-09-20 12:59:52.7488144Z","ETW","Microsoft-Windows-Kernel-Process",3,"ThreadStartStart "," 7280 PerfWatson2.exe",15284,,," 7280 PerfWatson2.exe",,,,,,,,,,,,18446712763266158592,18446712763266134016,140725142183712,0,184129921024,5072,184142528512,184142512128,140725142183712,,,,,,,,,,,,,,,,,,,
"2025-09-20 12:59:53.3960716Z","ETW","Microsoft-Windows-Kernel-Process",4,"ThreadStopStop "," 1080 NisSrv.exe",17868,,," 1080 NisSrv.exe",,,,,,,,,,,,18446712763284885504,18446712763284860928,140726305414320,0,997848809472,17868,997852708864,997852643328,140726305414320,375820,,,,,,,,,,,,,,,,,,
"2025-09-20 12:59:53.3960958Z","ETW","Microsoft-Windows-Kernel-Process",4,"ThreadStopStop "," 1080 NisSrv.exe",5044,,," 1080 NisSrv.exe",,,,,,,,,,,,18446712763361198080,18446712763361173504,140726305414320,0,997848793088,5044,997851136000,997851070464,140726305414320,4921380,,,,,,,,,,,,,,,,,,
"2025-09-20 12:59:53.3961493Z","ETW","Microsoft-Windows-Kernel-Process",4,"ThreadStopStop "," 1080 NisSrv.exe",17616,,," 1080 NisSrv.exe",,,,,,,,,,,,18446712763361169408,18446712763361144832,140726305414320,0,997848784896,17616,997850611712,997850546176,140726305414320,4267020,,,,,,,,,,,,,,,,,,
"2025-09-20 12:59:53.6004737Z","ETW","Microsoft-Windows-Kernel-Process",4,"ThreadStopStop "," 1080 NisSrv.exe",1864,,," 1080 NisSrv.exe",,,,,,,,,,,,18446712763361427456,18446712763361402880,140726305414320,0,997848801280,1864,997852184576,997852119040,140726305414320,791920,,,,,,,,,,,,,,,,,,
"2025-09-20 12:59:53.6004767Z","ETW","Microsoft-Windows-Kernel-Process",4,"ThreadStopStop "," 1080 NisSrv.exe",11028,,," 1080 NisSrv.exe",,,,,,,,,,,,18446712763361140736,18446712763361116160,140726305414320,0,997848776704,11028,997847859200,997847793664,140726305414320,4237760,,,,,,,,,,,,,,,,,,
"2025-09-20 12:59:53.6638706Z","ETW","Microsoft-Windows-Kernel-Process",3,"ThreadStartStart ","    4 System",72,,," 7504 msedgewebview2.exe",,,,,,,,,,,,18446712763361169408,18446712763361144832,140726305414320,0,138363273216,18112,138498015232,138498011136,140726305414320,,,,,,,,,,,,,,,,,,,
"2025-09-20 12:59:53.6638895Z","ETW","Microsoft-Windows-Kernel-Process",4,"ThreadStopStop ","11392 WidgetService.exe",13900,,,"11392 WidgetService.exe",,,,,,,,,,,,18446712763372613632,18446712763372589056,140726305414320,0,292345389056,13900,292348231680,292348223488,140726305414320,298680,,,,,,,,,,,,,,,,,,
"2025-09-20 12:59:53.6639767Z","ETW","Microsoft-Windows-Kernel-Process",4,"ThreadStopStop "," 4184 svchost.exe",17588,,," 4184 svchost.exe",,,,,,,,,,,,18446712763366305792,18446712763366281216,140726305414320,0,461837205504,17588,461835927552,461835894784,140726305414320,789260,,,,,,,,,,,,,,,,,,
"2025-09-20 12:59:53.9651432Z","ETW","Microsoft-Windows-Kernel-Process",3,"ThreadStartStart "," 1892 VBoxService.exe",10364,,," 1892 VBoxService.exe",,,,,,,,,,,,18446712763361427456,18446712763361402880,140726305414320,212,14893056,7868,21954560,21950464,140726305414320,,,,,,,,,,,,,,,,,,,
"2025-09-20 12:59:54.0288764Z","ETW","Microsoft-Windows-Kernel-Process",4,"ThreadStopStop "," 8736 powershell.exe",7080,,," 8736 powershell.exe",,,,,,,,,,,,18446712763265179648,18446712763265155072,140725141630640,0,558863560704,7080,558861516800,558861508608,140725141630640,864880,,,,,,,,,,,,,,,,,,
"2025-09-20 12:59:54.1549534Z","ETW","Microsoft-Windows-Kernel-Process",4,"ThreadStopStop ","12692 msedgewebview2.exe",3980,,,"12692 msedgewebview2.exe",,,,,,,,,,,,18446712763372584960,18446712763372560384,140726305414320,0,1030645055488,3980,1028653056000,1028653047808,140726305414320,247000,,,,,,,,,,,,,,,,,,
"2025-09-20 12:59:54.2345303Z","ETW","Microsoft-Windows-Kernel-Process",4,"ThreadStopStop "," 7280 PerfWatson2.exe",11500,,," 7280 PerfWatson2.exe",,,,,,,,,,,,18446712763266072576,18446712763266048000,140725141630640,0,184129912832,11500,184127455232,184127438848,140725141630640,801040,,,,,,,,,,,,,,,,,,
"2025-09-20 12:59:54.2664753Z","ETW","Microsoft-Windows-Kernel-Process",4,"ThreadStopStop "," 9136 msedgewebview2.exe",6960,,," 9136 msedgewebview2.exe",,,,,,,,,,,,18446712763359449088,18446712763359424512,140726305414320,0,457590284288,6960,457743269888,457743265792,140726305414320,420280,,,,,,,,,,,,,,,,,,
"2025-09-20 12:59:54.5373768Z","ETW","Microsoft-Windows-Kernel-Process",3,"ThreadStartStart "," 1688 svchost.exe",14864,,," 1688 svchost.exe",,,,,,,,,,,,18446712763361140736,18446712763361116160,140726305414320,121,656224272384,2576,656226648064,656226615296,140726305414320,,,,,,,,,,,,,,,,,,,
"2025-09-20 12:59:54.6592448Z","ETW","Microsoft-Windows-Kernel-Process",3,"ThreadStartStart "," 8736 powershell.exe",1744,,," 8736 powershell.exe",,,,,,,,,,,,18446712763366305792,18446712763366281216,140725141630640,0,558863585280,16832,558861516800,558861508608,140725141630640,,,,,,,,,,,,,,,,,,,
"2025-09-20 12:59:54.6783827Z","ETW","Microsoft-Windows-Kernel-Process",3,"ThreadStartStart ","    4 System",72,,,"11392 WidgetService.exe",,,,,,,,,,,,18446712763360825344,18446712763360800768,140726305414320,0,292345397248,4248,292348231680,292348227584,140726305414320,,,,,,,,,,,,,,,,,,,
"2025-09-20 12:59:54.6784258Z","ETW","Microsoft-Windows-Kernel-Process",3,"ThreadStartStart ","    4 System",72,,," 4184 svchost.exe",,,,,,,,,,,,18446712763361198080,18446712763361173504,140726305414320,0,461837221888,10956,461835927552,461835894784,140726305414320,,,,,,,,,,,,,,,,,,,
"2025-09-20 12:59:54.8690514Z","ETW","Microsoft-Windows-Kernel-Process",4,"ThreadStopStop "," 6492 RuntimeBroker.exe",8436,,," 6492 RuntimeBroker.exe",,,,,,,,,,,,18446712763355750400,18446712763355725824,140726278802720,0,660692869120,8436,660695154688,660695105536,140726278802720,687040,,,,,,,,,,,,,,,,,,
"2025-09-20 12:59:55.1707061Z","ETW","Microsoft-Windows-Kernel-Process",3,"ThreadStartStart ","    4 System",72,,,"12692 msedgewebview2.exe",,,,,,,,,,,,18446712763266416640,18446712763266392064,140726305414320,0,1030645063680,12660,1028653056000,1028653051904,140726305414320,,,,,,,,,,,,,,,,,,,
"2025-09-20 12:59:55.2808860Z","ETW","Microsoft-Windows-Kernel-Process",3,"ThreadStartStart ","    4 System",72,,," 9136 msedgewebview2.exe",,,,,,,,,,,,18446712763265953792,18446712763265929216,140726305414320,0,457590308864,6596,457743269888,457743265792,140726305414320,,,,,,,,,,,,,,,,,,,
"2025-09-20 12:59:55.9925432Z","ETW","Microsoft-Windows-Kernel-Process",4,"ThreadStopStop "," 8736 powershell.exe",6348,,," 8736 powershell.exe",,,,,,,,,,,,18446712763358560256,18446712763358535680,140726278802720,0,558863257600,6348,558866890752,558866882560,140726278802720,1033600,,,,,,,,,,,,,,,,,,
"2025-09-20 12:59:56.0398510Z","ETW","Microsoft-Windows-Kernel-Process",4,"ThreadStopStop ","13932 devenv.exe",13232,,,"13932 devenv.exe",,,,,,,,,,,,18446712763328667648,18446712763328643072,140726305414320,0,298242465792,13232,298267705344,298267693056,140726305414320,5703420,,,,,,,,,,,,,,,,,,
"2025-09-20 12:59:56.1661058Z","ETW","Microsoft-Windows-Kernel-Process",4,"ThreadStopStop "," 8736 powershell.exe",16832,,," 8736 powershell.exe",,,,,,,,,,,,18446712763366305792,18446712763366281216,140725141630640,0,558863585280,16832,558861516800,558861508608,140725141630640,912000,,,,,,,,,,,,,,,,,,
"2025-09-20 12:59:56.8311389Z","ETW","Microsoft-Windows-Kernel-Process",4,"ThreadStopStop ","16628 vctip.exe",18088,,,"16628 vctip.exe",,,,,,,,,,,,18446712763351478272,18446712763351453696,140726305414320,0,434772738048,18088,434780504064,434780491776,140726305414320,10049100,,,,,,,,,,,,,,,,,,
"2025-09-20 12:59:56.8822297Z","ETW","Microsoft-Windows-Kernel-Process",3,"ThreadStartStart "," 5752 VBoxTray.exe",10656,,," 5752 VBoxTray.exe",,,,,,,,,,,,18446712763351478272,18446712763351453696,140696010091656,0,3104768,18412,47972352,47968256,140696010091656,,,,,,,,,,,,,,,,,,,
"2025-09-20 12:59:56.8824812Z","ETW","Microsoft-Windows-Kernel-Process",4,"ThreadStopStop "," 5752 VBoxTray.exe",18412,,," 5752 VBoxTray.exe",,,,,,,,,,,,18446712763351478272,18446712763351453696,140696010091656,0,3104768,18412,47972352,47964160,140696010091656,508820,,,,,,,,,,,,,,,,,,
"2025-09-20 12:59:57.0371210Z","ETW","Microsoft-Windows-Kernel-Process",3,"ThreadStartStart ","13932 devenv.exe",10400,,,"13932 devenv.exe",,,,,,,,,,,,18446712763266646016,18446712763266621440,140725142183712,0,298242637824,15692,298257481728,298257473536,140725142183712,,,,,,,,,,,,,,,,,,,
"2025-09-20 12:59:57.0425138Z","ETW","Microsoft-Windows-Kernel-Process",4,"ThreadStopStop ","13932 devenv.exe",15692,,,"13932 devenv.exe",,,,,,,,,,,,18446712763266646016,18446712763266621440,140725142183712,0,298242637824,15692,298257481728,298257469440,140725142183712,13995020,,,,,,,,,,,,,,,,,,
"2025-09-20 12:59:57.3686406Z","ETW","Microsoft-Windows-Kernel-Process",3,"ThreadStartStart ","    4 System",72,,," 4152 svchost.exe",,,,,,,,,,,,18446712763351478272,18446712763351453696,140726305414320,0,879707103232,17644,879706701824,879706669056,140726305414320,,,,,,,,,,,,,,,,,,,
"2025-09-20 12:59:57.4943384Z","ETW","Microsoft-Windows-Kernel-Process",3,"ThreadStartStart ","    4 System",72,,," 2812 svchost.exe",,,,,,,,,,,,18446712763266560000,18446712763266535424,140726305414320,0,85259829248,17104,85262336000,85262303232,140726305414320,,,,,,,,,,,,,,,,,,,
"2025-09-20 12:59:57.5263493Z","ETW","Microsoft-Windows-Kernel-Process",3,"ThreadStartStart ","    4 System",72,,," 9456 svchost.exe",,,,,,,,,,,,18446712763266646016,18446712763266621440,140726305414320,0,344431206400,4480,344433623040,344433590272,140726305414320,,,,,,,,,,,,,,,,,,,
"2025-09-20 12:59:57.5742341Z","ETW","Microsoft-Windows-Kernel-Process",3,"ThreadStartStart "," 1844 ServiceHub.IntellicodeModelService.exe",16088,,," 1844 ServiceHub.IntellicodeModelService.exe",,,,,,,,,,,,18446712763355750400,18446712763355725824,140725141630640,0,1024676470784,3244,1024674234368,1024674217984,140725141630640,,,,,,,,,,,,,,,,,,,
"2025-09-20 12:59:57.8113633Z","ETW","Microsoft-Windows-Kernel-Process",3,"ThreadStartStart ","    4 System",72,,," 7980 svchost.exe",,,,,,,,,,,,18446712763266932736,18446712763266908160,140726305414320,0,250773565440,17988,250776911872,250776879104,140726305414320,,,,,,,,,,,,,,,,,,,
"2025-09-20 12:59:58.1603871Z","ETW","Microsoft-Windows-Kernel-Process",3,"ThreadStartStart "," 2652 ServiceHub.Host.dotnet.x64.exe",17488,,," 2652 ServiceHub.Host.dotnet.x64.exe",,,,,,,,,,,,18446712763267047424,18446712763267022848,140724762130384,0,762318737408,11892,760215502848,760215498752,140724762130384,,,,,,,,,,,,,,,,,,,
"2025-09-20 12:59:58.1607312Z","ETW","Microsoft-Windows-Kernel-Process",3,"ThreadStartStart "," 2652 ServiceHub.Host.dotnet.x64.exe",11892,,," 2652 ServiceHub.Host.dotnet.x64.exe",,,,,,,,,,,,18446712763267104768,18446712763267080192,140724762130384,0,762318745600,7916,760217075712,760217071616,140724762130384,,,,,,,,,,,,,,,,,,,
"2025-09-20 12:59:58.3031768Z","ETW","Microsoft-Windows-Kernel-Process",3,"ThreadStartStart ","16628 vctip.exe",16640,,,"16628 vctip.exe",,,,,,,,,,,,18446712763266961408,18446712763266936832,140725141630640,0,434772983808,10164,434779717632,434779709440,140725141630640,,,,,,,,,,,,,,,,,,,
"2025-09-20 12:59:58.3189350Z","ETW","Microsoft-Windows-Kernel-Process",4,"ThreadStopStop ","17948 EDRi.exe",8296,,,"17948 EDRi.exe",,,,,,,,,,,,18446712763362775040,18446712763362750464,140726305414320,0,850525982720,8296,850529353728,850529341440,140726305414320,8747220,,,,,,,,,,,,,,,,,,
"2025-09-20 12:59:58.3190058Z","ETW","Microsoft-Windows-Kernel-Process",4,"ThreadStopStop ","17948 EDRi.exe",18108,,,"17948 EDRi.exe",,,,,,,,,,,,18446712763349270528,18446712763349245952,140726305414320,0,850525990912,18108,850530402304,850530390016,140726305414320,12670720,,,,,,,,,,,,,,,,,,
"2025-09-20 12:59:58.9365699Z","ETW","Microsoft-Windows-Kernel-Process",4,"ThreadStopStop "," 6828 MSBuild.exe",13116,,," 6828 MSBuild.exe",,,,,,,,,,,,18446712763349528576,18446712763349504000,140726305414320,0,372960358400,13116,373012037632,373012021248,140726305414320,710600,,,,,,,,,,,,,,,,,,
"2025-09-20 12:59:58.9367661Z","ETW","Microsoft-Windows-Kernel-Process",4,"ThreadStopStop "," 6828 MSBuild.exe",4456,,," 6828 MSBuild.exe",,,,,,,,,,,,18446712763349499904,18446712763349475328,140726305414320,0,372960350208,4456,373007843328,373007826944,140726305414320,754300,,,,,,,,,,,,,,,,,,
"2025-09-20 12:59:59.0314742Z","ETW","Microsoft-Windows-Kernel-Process",4,"ThreadStopStop ","15400 MSBuild.exe",13164,,,"15400 MSBuild.exe",,,,,,,,,,,,18446712763350360064,18446712763350335488,140726305414320,0,895334219776,13164,895385337856,895385321472,140726305414320,763420,,,,,,,,,,,,,,,,,,
"2025-09-20 12:59:59.0316518Z","ETW","Microsoft-Windows-Kernel-Process",4,"ThreadStopStop ","15400 MSBuild.exe",2264,,,"15400 MSBuild.exe",,,,,,,,,,,,18446712763350331392,18446712763350306816,140726305414320,0,895334211584,2264,895381143552,895381127168,140726305414320,742140,,,,,,,,,,,,,,,,,,
"2025-09-20 12:59:59.0789540Z","ETW","Microsoft-Windows-Kernel-Process",4,"ThreadStopStop "," 1844 ServiceHub.IntellicodeModelService.exe",3244,,," 1844 ServiceHub.IntellicodeModelService.exe",,,,,,,,,,,,18446712763355750400,18446712763355725824,140725141630640,0,1024676470784,3244,1024674234368,1024674217984,140725141630640,833340,,,,,,,,,,,,,,,,,,
"2025-09-20 12:59:59.1390414Z","ETW","Microsoft-Windows-Kernel-Process",3,"ThreadStartStart "," 6708 chrome.exe",4180,,," 6708 chrome.exe",,,,,,,,,,,,18446712763355750400,18446712763355725824,140726243069920,0,526359412736,9396,526385152000,526385147904,140726243069920,,,,,,,,,,,,,,,,,,,
"2025-09-20 12:59:59.8073134Z","ETW","Microsoft-Windows-Kernel-Process",4,"ThreadStopStop ","16628 vctip.exe",10164,,,"16628 vctip.exe",,,,,,,,,,,,18446712763266961408,18446712763266936832,140725141630640,0,434772983808,10164,434779717632,434779709440,140725141630640,1069320,,,,,,,,,,,,,,,,,,
"2025-09-20 13:00:01.8914101Z","ETW","Microsoft-Windows-Kernel-Process",3,"ThreadStartStart "," 5752 VBoxTray.exe",10656,,," 5752 VBoxTray.exe",,,,,,,,,,,,18446712763267563520,18446712763267538944,140696010091656,0,3112960,13244,47972352,47968256,140696010091656,,,,,,,,,,,,,,,,,,,
"2025-09-20 13:00:01.8916780Z","ETW","Microsoft-Windows-Kernel-Process",4,"ThreadStopStop "," 5752 VBoxTray.exe",13244,,," 5752 VBoxTray.exe",,,,,,,,,,,,18446712763267563520,18446712763267538944,140696010091656,0,3112960,13244,47972352,47964160,140696010091656,429020,,,,,,,,,,,,,,,,,,
"2025-09-20 13:00:02.8253878Z","ETW","Microsoft-Windows-Kernel-Process",4,"ThreadStopStop ","10932 svchost.exe",14404,,,"10932 svchost.exe",,,,,,,,,,,,18446712763373789184,18446712763373764608,140726305414320,0,599863476224,14404,599865688064,599865655296,140726305414320,300960,,,,,,,,,,,,,,,,,,
"2025-09-20 13:00:03.8276305Z","ETW","Microsoft-Windows-Kernel-Process",3,"ThreadStartStart ","    4 System",72,,,"10932 svchost.exe",,,,,,,,,,,,18446712763267821568,18446712763267796992,140726305414320,0,599863484416,11116,599865688064,599865655296,140726305414320,,,,,,,,,,,,,,,,,,,
"2025-09-20 13:00:04.2080676Z","ETW","Microsoft-Windows-Kernel-Process",4,"ThreadStopStop ","10856 svchost.exe",2856,,,"10856 svchost.exe",,,,,,,,,,,,18446712763367137280,18446712763367112704,140726305414320,0,171027324928,2856,171030085632,171030052864,140726305414320,400520,,,,,,,,,,,,,,,,,,
"2025-09-20 13:00:04.2081243Z","ETW","Microsoft-Windows-Kernel-Process",4,"ThreadStopStop ","16628 vctip.exe",4312,,,"16628 vctip.exe",,,,,,,,,,,,18446712763338493952,18446712763338469376,140725142183712,0,434772729856,4312,434787844096,434787823616,140725142183712,8595220,,,,,,,,,,,,,,,,,,
"2025-09-20 13:00:04.2397493Z","ETW","Microsoft-Windows-Kernel-Process",4,"ThreadStopStop ","12812 svchost.exe",13200,,,"12812 svchost.exe",,,,,,,,,,,,18446712763352797184,18446712763352772608,140726305414320,0,83240038400,13200,83242254336,83242221568,140726305414320,41811400,,,,,,,,,,,,,,,,,,
"2025-09-20 13:00:04.2397745Z","ETW","Microsoft-Windows-Kernel-Process",4,"ThreadStopStop ","12812 svchost.exe",1280,,,"12812 svchost.exe",,,,,,,,,,,,18446712763353083904,18446712763353059328,140726305414320,0,83240054784,1280,83243302912,83243270144,140726305414320,28474160,,,,,,,,,,,,,,,,,,
"2025-09-20 13:00:04.7620964Z","ETW","Microsoft-Windows-Kernel-Process",4,"ThreadStopStop ","11368 dllhost.exe",6096,,,"11368 dllhost.exe",,,,,,,,,,,,18446712763374551040,18446712763374526464,140726305414320,0,65529962496,6096,65532854272,65532821504,140726305414320,266380,,,,,,,,,,,,,,,,,,
"2025-09-20 13:00:04.8583255Z","ETW","Microsoft-Windows-Kernel-Process",4,"ThreadStopStop "," 5572 explorer.exe",5880,,," 5572 explorer.exe",,,,,,,,,,,,18446712763357786112,18446712763357761536,140726294125616,0,4210688,5880,95485952,95428608,140726294125616,13323180,,,,,,,,,,,,,,,,,,
"2025-09-20 13:00:05.0792479Z","ETW","Microsoft-Windows-Kernel-Process",3,"ThreadStartStart ","    4 System",72,,,"11392 WidgetService.exe",,,,,,,,,,,,18446712763357786112,18446712763357761536,140726305414320,0,292345405440,5344,292349280256,292349276160,140726305414320,,,,,,,,,,,,,,,,,,,
"2025-09-20 13:00:05.1748181Z","ETW","Microsoft-Windows-Kernel-Process",4,"ThreadStopStop "," 8664 svchost.exe",10044,,," 8664 svchost.exe",,,,,,,,,,,,18446712763368599552,18446712763368574976,140726305414320,0,262285664256,10044,262283722752,262283689984,140726305414320,267520,,,,,,,,,,,,,,,,,,
"2025-09-20 13:00:05.2537112Z","ETW","Microsoft-Windows-Kernel-Process",3,"ThreadStartStart ","    4 System",72,,,"12812 svchost.exe",,,,,,,,,,,,18446712763368599552,18446712763368574976,140726305414320,0,83240062976,2176,83240681472,83240648704,140726305414320,,,,,,,,,,,,,,,,,,,
"2025-09-20 13:00:05.4756871Z","ETW","Microsoft-Windows-Kernel-Process",4,"ThreadStopStop "," 5572 explorer.exe",16068,,," 5572 explorer.exe",,,,,,,,,,,,18446712763357843456,18446712763357818880,140726294125616,0,4292608,16068,118095872,118038528,140726294125616,8087160,,,,,,,,,,,,,,,,,,
"2025-09-20 13:00:05.4910780Z","ETW","Microsoft-Windows-Kernel-Process",4,"ThreadStopStop "," 5572 explorer.exe",3596,,," 5572 explorer.exe",,,,,,,,,,,,18446712763261878272,18446712763261853696,140726294125616,0,4325376,3596,119668736,119611392,140726294125616,3099280,,,,,,,,,,,,,,,,,,
"2025-09-20 13:00:05.6189577Z","ETW","Microsoft-Windows-Kernel-Process",4,"ThreadStopStop ","13128 svchost.exe",3572,,,"13128 svchost.exe",,,,,,,,,,,,18446712763355148288,18446712763355123712,140726305414320,0,295334100992,3572,295339294720,295339261952,140726305414320,29239860,,,,,,,,,,,,,,,,,,
"2025-09-20 13:00:05.6190023Z","ETW","Microsoft-Windows-Kernel-Process",4,"ThreadStopStop ","13128 svchost.exe",17776,,,"13128 svchost.exe",,,,,,,,,,,,18446712763354861568,18446712763354836992,140726305414320,0,295334076416,17776,295337721856,295337689088,140726305414320,15554160,,,,,,,,,,,,,,,,,,
"2025-09-20 13:00:05.7332116Z","ETW","Microsoft-Windows-Kernel-Process",3,"ThreadStartStart "," 8736 powershell.exe",1744,,," 8736 powershell.exe",,,,,,,,,,,,18446712763267792896,18446712763267768320,140725141630640,0,558863593472,5104,558861516800,558861508608,140725141630640,,,,,,,,,,,,,,,,,,,
"2025-09-20 13:00:05.7504805Z","ETW","Microsoft-Windows-Kernel-Process",3,"ThreadStartStart ","    4 System",64,,,"    4 System",,,,,,,,,,,,18446712763355148288,18446712763355123712,18446735309779519472,0,0,10776,0,0,18446735309779519472,,,,,,,,,,,,,,,,,,,
"2025-09-20 13:00:05.7621032Z","ETW","Microsoft-Windows-Kernel-Process",3,"ThreadStartStart ","    4 System",72,,,"11368 dllhost.exe",,,,,,,,,,,,18446712763267276800,18446712763267252224,140726305414320,0,65529970688,3188,65532854272,65532821504,140726305414320,,,,,,,,,,,,,,,,,,,
"2025-09-20 13:00:05.7783374Z","ETW","Microsoft-Windows-Kernel-Process",4,"ThreadStopStop "," 2888 Greenshot.exe",10756,,," 2888 Greenshot.exe",,,,,,,,,,,,18446712763354030080,18446712763354005504,140726305414320,0,744398397440,10756,744399831040,744399822848,140726305414320,1141140,,,,,,,,,,,,,,,,,,
"2025-09-20 13:00:06.1898186Z","ETW","Microsoft-Windows-Kernel-Process",3,"ThreadStartStart ","    4 System",72,,," 8664 svchost.exe",,,,,,,,,,,,18446712763354030080,18446712763354005504,140726305414320,0,262285680640,11968,262283722752,262283689984,140726305414320,,,,,,,,,,,,,,,,,,,
"2025-09-20 13:00:06.6335499Z","ETW","Microsoft-Windows-Kernel-Process",3,"ThreadStartStart ","    4 System",72,,,"13128 svchost.exe",,,,,,,,,,,,18446712763268108288,18446712763268083712,140726305414320,0,295334117376,15828,295336673280,295336640512,140726305414320,,,,,,,,,,,,,,,,,,,
"2025-09-20 13:00:06.9056210Z","ETW","Microsoft-Windows-Kernel-Process",3,"ThreadStartStart "," 5752 VBoxTray.exe",10656,,," 5752 VBoxTray.exe",,,,,,,,,,,,18446712763268050944,18446712763268026368,140696010091656,0,3121152,5040,47972352,47968256,140696010091656,,,,,,,,,,,,,,,,,,,
"2025-09-20 13:00:06.9058464Z","ETW","Microsoft-Windows-Kernel-Process",4,"ThreadStopStop "," 5752 VBoxTray.exe",5040,,," 5752 VBoxTray.exe",,,,,,,,,,,,18446712763268050944,18446712763268026368,140696010091656,0,3121152,5040,47972352,47968256,140696010091656,405460,,,,,,,,,,,,,,,,,,
"2025-09-20 13:00:07.2345590Z","ETW","Microsoft-Windows-Kernel-Process",4,"ThreadStopStop "," 8736 powershell.exe",5104,,," 8736 powershell.exe",,,,,,,,,,,,18446712763267792896,18446712763267768320,140725141630640,0,558863593472,5104,558861516800,558861508608,140725141630640,1036640,,,,,,,,,,,,,,,,,,
"2025-09-20 13:00:07.2506618Z","ETW","Microsoft-Windows-Kernel-Process",4,"ThreadStopStop "," 8736 powershell.exe",2156,,," 8736 powershell.exe",,,,,,,,,,,,18446712763359334400,18446712763359309824,140726305414320,0,558863265792,2156,558867415040,558867406848,140726305414320,366320,,,,,,,,,,,,,,,,,,
"2025-09-20 13:00:07.5834284Z","ETW","Microsoft-Windows-Kernel-Process",3,"ThreadStartStart "," 1844 ServiceHub.IntellicodeModelService.exe",16088,,," 1844 ServiceHub.IntellicodeModelService.exe",,,,,,,,,,,,18446712763267792896,18446712763267768320,140725141630640,0,1024676478976,10608,1024674234368,1024674217984,140725141630640,,,,,,,,,,,,,,,,,,,
"2025-09-20 13:00:08.2638942Z","ETW","Microsoft-Windows-Kernel-Process",3,"ThreadStartStart "," 5032 svchost.exe",3868,,," 5032 svchost.exe",,,,,,,,,,,,18446712763268079616,18446712763268055040,140726305414320,263,251682283520,10580,251685502976,251685437440,140726305414320,,,,,,,,,,,,,,,,,,,
"2025-09-20 13:00:08.7713192Z","ETW","Microsoft-Windows-Kernel-Process",4,"ThreadStopStop ","16628 vctip.exe",11796,,,"16628 vctip.exe",,,,,,,,,,,,18446712763320967168,18446712763320942592,140725142183712,0,434772959232,11796,434786009088,434785996800,140725142183712,5848580,,,,,,,,,,,,,,,,,,
